#Supplemental Data. Wilkins et al. Plant Cell (2016) 10.1105/tpc.16.00158.,,,,,,,,
#Supplemental Data Set 1: Differentially expressed genes,,,,,,,,
,,,,,,,,
gene,HEAT_UP,HEAT_DOWN,RECOV_HEAT_UP,RECOV_HEAT_DOWN,DROUGHT_UP,DROUGHT_DOWN,RECOV_DROUGHT_UP,RECOV_DROUGHT_DOWN
ChrSy.fgenesh.gene.37,0,0,0,0,8,0,1,0
LOC_Os01g01610,6,0,0,0,0,0,0,0
LOC_Os01g01620,0,0,0,0,1,0,2,0
LOC_Os01g02060,0,0,0,0,2,0,2,0
LOC_Os01g02080,0,0,0,0,0,2,0,1
LOC_Os01g02160,0,0,0,0,2,0,0,0
LOC_Os01g02290,0,0,0,0,1,0,0,0
LOC_Os01g02300,0,0,0,0,1,0,0,0
LOC_Os01g02890,0,0,0,0,2,0,0,0
LOC_Os01g02920,0,0,0,0,4,0,0,0
LOC_Os01g03130,0,0,0,0,1,0,0,0
LOC_Os01g03330,0,0,0,0,8,0,3,0
LOC_Os01g03340,0,0,0,0,8,0,2,0
LOC_Os01g03360,0,0,0,0,3,0,1,0
LOC_Os01g03549,0,0,0,0,0,1,0,0
LOC_Os01g03730,0,0,0,0,1,0,3,0
LOC_Os01g03750,0,0,0,0,6,0,1,0
LOC_Os01g03914,0,0,0,0,2,0,1,0
LOC_Os01g04005,0,0,0,0,1,0,0,0
LOC_Os01g04160,0,0,0,0,4,0,0,0
LOC_Os01g04330,0,0,0,0,9,0,1,0
LOC_Os01g04340,40,0,13,0,0,0,0,0
LOC_Os01g04360,63,0,26,0,0,0,0,0
LOC_Os01g04370,63,0,31,0,0,0,0,0
LOC_Os01g04380,43,0,19,0,0,0,0,0
LOC_Os01g04580,0,0,0,0,1,0,0,0
LOC_Os01g04590,0,0,0,0,10,0,1,0
LOC_Os01g05830,0,0,0,0,7,0,0,0
LOC_Os01g05960,0,0,0,0,1,0,0,0
LOC_Os01g06560,0,0,0,0,12,0,6,0
LOC_Os01g06590,0,0,0,0,3,0,0,0
LOC_Os01g06660,8,0,0,0,0,0,0,0
LOC_Os01g06730,0,0,0,0,1,0,0,0
LOC_Os01g06740,0,0,0,0,2,0,1,0
LOC_Os01g07120,0,0,0,0,7,0,1,0
LOC_Os01g07300,0,0,0,0,2,0,0,0
LOC_Os01g07530,12,0,0,0,8,0,1,0
LOC_Os01g07970,0,0,0,0,1,0,0,0
LOC_Os01g08020,0,0,0,0,0,0,0,1
LOC_Os01g08120,0,0,0,0,1,0,0,0
LOC_Os01g08380,0,0,0,0,1,0,0,0
LOC_Os01g08440,0,3,0,0,0,0,0,0
LOC_Os01g08470,0,0,0,0,3,0,1,0
LOC_Os01g08560,12,0,0,1,0,0,0,0
LOC_Os01g08780,8,0,0,0,0,0,0,0
LOC_Os01g08860,48,0,7,0,0,0,0,0
LOC_Os01g09540,0,1,0,0,0,0,0,0
LOC_Os01g09620,1,0,0,0,0,0,0,0
LOC_Os01g09640,0,0,0,0,14,0,5,0
LOC_Os01g09700,0,1,0,0,0,0,0,0
LOC_Os01g09800,0,0,0,0,1,0,0,0
LOC_Os01g10110,0,0,0,0,1,0,1,0
LOC_Os01g10130,0,0,0,0,2,0,0,0
LOC_Os01g10140,0,0,0,0,3,0,0,0
LOC_Os01g10810,0,0,0,0,0,1,0,0
LOC_Os01g11010,0,3,0,0,0,0,0,0
LOC_Os01g11130,0,0,0,0,1,0,0,0
LOC_Os01g11340,2,0,0,0,0,0,0,0
LOC_Os01g11920,0,0,0,0,1,0,0,0
LOC_Os01g12000,0,0,0,0,5,0,1,0
LOC_Os01g12420,0,0,0,0,2,0,1,0
LOC_Os01g12430,0,0,0,0,4,0,0,0
LOC_Os01g12460,23,0,1,0,0,0,0,0
LOC_Os01g12464,14,0,0,0,0,0,0,0
LOC_Os01g12470,0,0,0,0,1,0,0,0
LOC_Os01g12660,0,0,0,0,0,0,2,0
LOC_Os01g12690,0,0,0,0,6,0,1,0
LOC_Os01g12810,0,2,0,2,0,0,0,1
LOC_Os01g12820,0,0,0,0,3,0,0,0
LOC_Os01g13120,0,0,0,0,0,1,0,0
LOC_Os01g13930,0,0,0,0,4,0,1,0
LOC_Os01g14090,5,0,0,0,0,0,0,0
LOC_Os01g14100,0,0,0,0,3,0,0,0
LOC_Os01g14440,0,0,0,0,2,0,0,0
LOC_Os01g14550,0,1,0,0,0,0,0,0
LOC_Os01g15000,0,0,0,0,2,0,0,0
LOC_Os01g15270,0,0,0,0,1,0,1,0
LOC_Os01g15900,0,2,0,1,0,0,0,0
LOC_Os01g16170,0,0,0,0,1,0,0,0
LOC_Os01g16260,0,1,0,0,0,0,0,0
LOC_Os01g16810,0,0,0,0,1,0,0,0
LOC_Os01g17170,0,0,0,0,0,1,0,0
LOC_Os01g18080,0,0,0,0,1,0,0,0
LOC_Os01g18100,5,0,0,0,0,0,0,0
LOC_Os01g18120,0,0,0,0,1,0,0,0
LOC_Os01g18220,0,0,0,0,15,0,2,0
LOC_Os01g19130,0,0,0,0,5,0,0,0
LOC_Os01g19170,0,0,0,0,5,0,0,0
LOC_Os01g19770,0,0,0,0,1,0,0,0
LOC_Os01g19800,0,0,0,0,3,0,0,0
LOC_Os01g20206,0,0,0,0,3,0,0,0
LOC_Os01g20780,0,0,0,0,1,0,0,0
LOC_Os01g20830,0,0,0,0,0,1,0,0
LOC_Os01g21144,0,0,0,0,1,0,0,0
LOC_Os01g21160,0,0,0,0,4,0,2,0
LOC_Os01g21420,1,0,0,0,0,0,0,0
LOC_Os01g22560,0,4,0,0,0,0,0,0
LOC_Os01g22780,2,0,0,0,0,0,0,0
LOC_Os01g22900,0,0,0,0,1,0,0,0
LOC_Os01g23630,2,0,0,0,0,0,0,0
LOC_Os01g24480,0,0,0,0,0,0,1,0
LOC_Os01g24700,0,0,0,0,1,0,0,0
LOC_Os01g24710,2,0,0,0,0,0,0,0
LOC_Os01g25760,1,0,0,0,0,0,0,0
LOC_Os01g27210,0,0,0,0,2,0,0,0
LOC_Os01g27360,3,0,0,0,0,0,0,0
LOC_Os01g28840,0,0,0,0,1,0,0,0
LOC_Os01g31370,0,0,0,0,0,0,1,0
LOC_Os01g32090,1,0,0,0,0,0,0,0
LOC_Os01g32460,0,4,0,0,0,0,0,2
LOC_Os01g32780,0,0,0,0,9,0,3,0
LOC_Os01g33000,0,0,0,0,1,0,0,0
LOC_Os01g34050,0,0,0,0,0,0,0,1
LOC_Os01g34060,0,0,0,0,0,1,0,0
LOC_Os01g34080,10,0,0,0,0,0,0,0
LOC_Os01g34620,3,0,0,0,0,0,0,0
LOC_Os01g34860,0,0,0,0,1,0,0,0
LOC_Os01g36630,4,0,0,0,0,0,0,0
LOC_Os01g36790,0,0,0,0,2,0,0,0
LOC_Os01g37000,0,1,0,0,0,1,0,0
LOC_Os01g37200,0,0,0,0,1,0,0,0
LOC_Os01g37460,0,3,0,0,0,0,0,0
LOC_Os01g37470,0,0,0,3,0,0,0,0
LOC_Os01g37750,0,0,0,0,3,0,0,0
LOC_Os01g37810,0,0,0,0,1,0,0,0
LOC_Os01g37832,2,0,0,0,7,0,1,0
LOC_Os01g39020,0,0,0,0,2,0,1,0
LOC_Os01g39136,1,0,0,0,0,0,0,0
LOC_Os01g39860,0,0,0,0,1,0,0,0
LOC_Os01g40094,0,0,0,0,15,0,4,0
LOC_Os01g40190,0,0,0,0,4,0,0,0
LOC_Os01g40280,17,0,0,0,3,0,0,0
LOC_Os01g41120,0,0,0,0,1,0,0,0
LOC_Os01g41430,0,0,0,0,2,0,0,0
LOC_Os01g41720,0,0,0,0,7,0,0,0
LOC_Os01g41890,0,0,0,0,3,0,0,0
LOC_Os01g42140,0,0,0,0,1,0,0,0
LOC_Os01g42190,3,0,0,0,0,0,0,0
LOC_Os01g42370,0,0,1,0,0,0,0,0
LOC_Os01g42380,0,0,0,0,1,0,0,0
LOC_Os01g42410,1,0,0,0,2,0,0,0
LOC_Os01g42860,0,0,0,0,3,0,0,0
LOC_Os01g43480,0,0,0,0,1,0,0,0
LOC_Os01g43540,11,0,0,0,0,0,0,0
LOC_Os01g43700,0,1,0,0,0,0,0,0
LOC_Os01g44130,0,1,0,0,0,0,0,0
LOC_Os01g44390,0,0,0,0,0,0,0,1
LOC_Os01g45110,0,0,0,0,1,0,0,0
LOC_Os01g45659,0,0,0,0,5,0,1,0
LOC_Os01g45990,0,0,0,0,9,0,4,0
LOC_Os01g46760,0,0,0,0,10,0,3,0
LOC_Os01g46970,0,0,0,0,14,0,3,0
LOC_Os01g47400,0,0,0,0,1,0,0,0
LOC_Os01g47760,0,0,0,0,1,0,0,0
LOC_Os01g48000,0,0,0,0,2,0,0,0
LOC_Os01g48250,3,0,0,0,0,0,0,0
LOC_Os01g48320,0,0,0,0,1,0,0,0
LOC_Os01g48850,1,0,0,0,0,0,0,0
LOC_Os01g48960,0,0,0,0,4,0,2,0
LOC_Os01g49120,0,0,0,0,0,1,0,2
LOC_Os01g49280,0,0,0,0,2,0,0,0
LOC_Os01g49820,0,0,0,0,1,0,0,0
LOC_Os01g50100,0,0,0,0,2,0,2,0
LOC_Os01g50350,0,0,0,0,2,0,0,0
LOC_Os01g50370,1,0,0,0,7,0,0,0
LOC_Os01g50400,0,0,0,0,12,0,2,0
LOC_Os01g50410,0,0,0,0,1,0,1,0
LOC_Os01g50616,0,0,0,0,12,0,1,0
LOC_Os01g50700,1,0,0,0,4,0,0,0
LOC_Os01g50910,0,0,0,0,12,0,5,0
LOC_Os01g50940,0,0,0,0,9,0,4,0
LOC_Os01g51030,0,0,0,0,1,0,0,0
LOC_Os01g51140,0,0,0,0,2,0,1,0
LOC_Os01g51210,0,0,0,0,0,0,1,0
LOC_Os01g51250,1,0,0,0,0,0,0,0
LOC_Os01g51420,0,0,0,0,4,0,1,0
LOC_Os01g51430,0,0,0,0,2,0,1,0
LOC_Os01g51540,0,0,0,0,4,0,0,0
LOC_Os01g51870,0,0,0,0,3,0,0,0
LOC_Os01g51890,0,0,0,0,2,0,0,0
LOC_Os01g51920,0,0,0,0,10,0,2,0
LOC_Os01g52110,7,0,0,0,0,0,0,0
LOC_Os01g52130,0,0,0,0,7,0,1,0
LOC_Os01g52140,14,0,0,0,0,0,0,0
LOC_Os01g52630,0,0,0,0,1,0,0,0
LOC_Os01g52690,0,0,0,0,1,0,0,0
LOC_Os01g52730,0,0,0,0,2,0,0,0
LOC_Os01g52980,0,0,0,0,1,0,0,0
LOC_Os01g53790,0,0,0,0,1,0,0,0
LOC_Os01g53880,0,0,0,0,1,0,0,0
LOC_Os01g53920,0,0,0,0,1,0,0,0
LOC_Os01g53990,0,0,0,0,1,0,0,0
LOC_Os01g54030,1,0,0,0,0,0,0,0
LOC_Os01g54300,2,0,0,0,0,0,0,0
LOC_Os01g54340,0,0,0,0,1,0,0,0
LOC_Os01g54700,0,0,0,0,1,0,0,0
LOC_Os01g55100,0,0,0,0,9,0,2,0
LOC_Os01g55160,0,0,0,0,3,0,1,0
LOC_Os01g55240,0,0,0,0,9,0,7,0
LOC_Os01g55260,6,0,0,0,0,0,0,0
LOC_Os01g55270,34,0,7,0,0,0,0,0
LOC_Os01g55280,0,0,0,0,2,0,0,0
LOC_Os01g55340,0,0,0,0,2,0,0,0
LOC_Os01g55430,0,0,0,0,1,0,0,0
LOC_Os01g55510,0,0,0,0,1,0,0,0
LOC_Os01g55560,0,0,0,0,1,0,0,0
LOC_Os01g55940,0,0,0,0,1,0,0,0
LOC_Os01g56180,6,0,0,0,3,0,1,0
LOC_Os01g56300,0,0,0,0,1,0,1,0
LOC_Os01g56330,0,0,0,0,1,0,0,0
LOC_Os01g56460,2,0,0,0,0,0,0,0
LOC_Os01g56470,11,0,0,0,0,0,0,0
LOC_Os01g56560,0,0,0,0,2,0,0,0
LOC_Os01g56660,0,0,0,0,1,0,0,0
LOC_Os01g56690,0,0,0,0,3,0,0,0
LOC_Os01g57240,0,0,0,0,2,0,1,0
LOC_Os01g57420,0,0,0,0,1,0,0,0
LOC_Os01g57450,0,0,0,0,1,0,1,0
LOC_Os01g57710,0,0,0,0,0,1,0,0
LOC_Os01g57740,0,0,0,0,2,0,0,0
LOC_Os01g57854,0,0,0,0,1,0,1,0
LOC_Os01g58130,0,0,0,0,4,0,1,0
LOC_Os01g58140,0,0,0,0,1,0,0,0
LOC_Os01g58150,0,0,0,0,3,0,0,0
LOC_Os01g58194,0,0,0,0,6,0,4,0
LOC_Os01g58550,0,0,0,0,1,0,0,0
LOC_Os01g58620,0,0,0,0,1,0,0,0
LOC_Os01g58850,0,0,0,0,3,0,0,0
LOC_Os01g59090,0,0,0,0,0,1,0,0
LOC_Os01g59840,0,2,0,0,0,0,0,0
LOC_Os01g59920,0,0,0,0,0,0,0,1
LOC_Os01g60020,0,0,0,0,1,0,1,0
LOC_Os01g60600,0,0,0,0,3,0,0,0
LOC_Os01g60730,0,0,1,0,2,0,0,0
LOC_Os01g60780,0,0,0,0,0,0,0,1
LOC_Os01g61080,0,0,0,0,2,0,0,0
LOC_Os01g61610,0,0,0,0,3,0,0,0
LOC_Os01g61630,0,0,0,0,0,1,0,0
LOC_Os01g61680,0,0,0,0,8,0,2,0
LOC_Os01g61990,0,0,0,0,1,0,0,0
LOC_Os01g62230,4,0,0,0,0,0,0,0
LOC_Os01g62290,16,0,0,0,0,0,0,0
LOC_Os01g62310,0,0,0,0,3,0,0,0
LOC_Os01g62584,0,0,0,0,4,0,0,0
LOC_Os01g62760,0,0,0,0,18,0,5,0
LOC_Os01g62770,0,0,0,0,11,0,2,0
LOC_Os01g62810,0,2,0,2,0,0,0,0
LOC_Os01g62890,1,0,0,0,0,0,0,0
LOC_Os01g62950,0,0,0,0,5,0,0,0
LOC_Os01g62970,0,0,0,0,1,0,0,0
LOC_Os01g63060,0,0,0,0,5,0,2,0
LOC_Os01g63160,3,0,0,0,0,0,0,0
LOC_Os01g63250,5,0,0,0,0,0,0,0
LOC_Os01g63870,0,0,0,0,0,1,0,0
LOC_Os01g63930,0,0,0,0,10,0,2,0
LOC_Os01g63980,0,0,0,0,6,0,3,0
LOC_Os01g64110,0,0,0,0,2,0,1,0
LOC_Os01g64120,14,0,0,0,0,0,0,0
LOC_Os01g64170,0,0,0,0,1,0,0,0
LOC_Os01g64300,0,0,0,0,2,0,0,0
LOC_Os01g64310,0,0,0,0,0,0,1,0
LOC_Os01g64360,0,0,0,0,11,0,2,0
LOC_Os01g64640,0,0,0,0,1,0,0,0
LOC_Os01g64730,4,0,0,0,0,0,0,0
LOC_Os01g64790,0,0,0,0,3,0,0,0
LOC_Os01g65260,0,0,0,0,0,1,0,0
LOC_Os01g65320,4,0,0,0,0,0,0,0
LOC_Os01g65370,0,0,0,0,1,0,0,0
LOC_Os01g65460,0,0,0,0,2,0,0,0
LOC_Os01g65520,0,0,0,0,6,0,1,0
LOC_Os01g65630,0,0,0,0,0,2,0,0
LOC_Os01g65920,3,0,0,0,0,0,0,0
LOC_Os01g66010,0,0,0,0,1,0,0,0
LOC_Os01g66120,0,0,0,0,2,0,0,0
LOC_Os01g66130,0,0,0,0,1,0,0,0
LOC_Os01g66530,0,0,0,0,2,0,0,0
LOC_Os01g67040,9,0,0,0,0,0,0,0
LOC_Os01g67054,4,0,0,0,0,0,0,0
LOC_Os01g67360,0,0,0,0,0,0,0,1
LOC_Os01g67420,8,0,0,0,0,0,0,0
LOC_Os01g67480,0,0,0,0,1,0,0,0
LOC_Os01g67540,0,0,0,0,3,0,0,0
LOC_Os01g67950,0,0,0,0,1,0,0,0
LOC_Os01g68140,0,0,0,0,2,0,0,0
LOC_Os01g68290,1,0,0,0,0,0,0,0
LOC_Os01g68650,0,0,0,0,1,0,0,0
LOC_Os01g68790,1,0,1,0,0,0,0,0
LOC_Os01g68960,28,0,0,0,0,0,0,0
LOC_Os01g69070,0,0,0,0,0,1,0,0
LOC_Os01g69830,0,0,0,0,8,0,1,0
LOC_Os01g70080,0,0,0,0,1,0,0,0
LOC_Os01g70410,0,0,0,0,2,0,0,0
LOC_Os01g70500,0,0,0,0,0,0,1,0
LOC_Os01g70570,7,0,0,0,0,0,0,0
LOC_Os01g70850,2,0,0,0,0,0,0,0
LOC_Os01g71330,0,0,0,0,0,1,0,0
LOC_Os01g71624,0,0,0,0,1,0,0,0
LOC_Os01g71690,0,0,0,0,3,0,0,0
LOC_Os01g72330,0,0,0,0,0,0,0,7
LOC_Os01g72460,0,0,0,0,9,0,1,0
LOC_Os01g72520,0,0,0,0,7,0,1,0
LOC_Os01g72530,0,0,0,0,0,0,1,0
LOC_Os01g72600,0,0,0,0,1,0,0,0
LOC_Os01g72610,0,0,0,0,3,0,0,0
LOC_Os01g72680,0,0,0,0,1,0,0,0
LOC_Os01g72810,0,0,0,0,1,0,0,0
LOC_Os01g73110,0,0,0,0,5,0,0,0
LOC_Os01g74020,8,0,0,0,0,0,0,0
LOC_Os01g74152,1,0,0,0,0,0,0,0
LOC_Os01g74490,0,0,0,0,1,0,0,0
LOC_Os01g74580,1,0,0,0,0,0,0,0
LOC_Os02g01210,0,0,0,0,0,1,0,0
LOC_Os02g01540,9,0,0,0,0,0,0,0
LOC_Os02g01590,0,0,0,0,13,0,11,0
LOC_Os02g01700,0,0,0,0,1,0,0,0
LOC_Os02g01710,0,0,0,0,3,0,0,0
LOC_Os02g01825,0,0,0,0,1,0,0,0
LOC_Os02g02400,0,0,1,0,0,0,0,0
LOC_Os02g02410,17,0,0,0,0,0,0,0
LOC_Os02g02524,5,0,0,0,0,0,0,0
LOC_Os02g02730,0,0,0,0,1,0,0,0
LOC_Os02g02780,0,0,0,0,1,0,0,0
LOC_Os02g02910,0,0,0,0,0,1,0,0
LOC_Os02g02930,0,1,0,0,0,0,0,0
LOC_Os02g02970,0,0,0,0,1,0,0,0
LOC_Os02g03280,16,0,0,0,0,0,0,0
LOC_Os02g03320,12,0,0,0,0,0,0,0
LOC_Os02g03410,0,0,0,0,1,0,0,0
LOC_Os02g03560,9,0,0,0,0,0,0,0
LOC_Os02g03620,1,0,0,0,0,0,0,0
LOC_Os02g03670,0,0,0,0,0,1,0,0
LOC_Os02g03710,0,0,0,0,0,0,0,1
LOC_Os02g04160,2,0,0,0,0,0,0,0
LOC_Os02g04170,0,1,0,0,0,0,0,0
LOC_Os02g04630,1,0,0,0,0,0,0,0
LOC_Os02g04640,0,0,0,0,7,0,1,0
LOC_Os02g04650,11,0,0,0,0,0,0,0
LOC_Os02g04780,0,0,0,0,1,0,1,0
LOC_Os02g04860,2,0,0,0,0,0,0,0
LOC_Os02g05470,0,0,0,0,0,2,0,0
LOC_Os02g05940,0,0,0,0,1,0,0,0
LOC_Os02g06090,0,0,0,0,1,0,1,0
LOC_Os02g06170,0,0,0,0,1,0,0,0
LOC_Os02g06530,1,0,0,0,0,0,0,0
LOC_Os02g06580,0,0,0,0,1,0,0,0
LOC_Os02g06820,1,0,0,0,0,0,0,0
LOC_Os02g06830,10,0,0,0,0,0,0,0
LOC_Os02g06930,0,0,0,0,3,0,0,0
LOC_Os02g07690,0,0,0,0,1,0,0,0
LOC_Os02g08320,0,0,0,0,1,0,0,0
LOC_Os02g08420,0,0,0,0,1,0,0,0
LOC_Os02g08440,0,0,0,0,3,0,2,0
LOC_Os02g08490,15,0,0,0,0,0,0,0
LOC_Os02g09310,1,0,0,0,0,0,0,0
LOC_Os02g09480,0,0,0,0,2,0,1,0
LOC_Os02g09530,0,0,0,0,2,0,0,0
LOC_Os02g09810,0,0,0,0,3,0,0,0
LOC_Os02g09830,0,0,0,0,6,0,4,0
LOC_Os02g10300,0,0,0,0,1,0,0,0
LOC_Os02g10310,0,0,0,0,2,0,1,0
LOC_Os02g10450,0,0,0,0,0,1,0,0
LOC_Os02g10470,0,0,0,0,2,0,0,0
LOC_Os02g10730,0,0,0,0,12,0,1,0
LOC_Os02g10740,3,0,0,0,0,0,0,0
LOC_Os02g10990,0,1,0,1,0,0,0,0
LOC_Os02g11070,0,0,0,0,5,0,2,0
LOC_Os02g11680,0,2,0,1,0,0,0,0
LOC_Os02g11859,0,0,0,0,6,0,2,0
LOC_Os02g11870,1,0,0,0,1,0,1,0
LOC_Os02g12350,1,0,0,0,0,0,0,0
LOC_Os02g12360,8,0,0,0,0,0,0,0
LOC_Os02g12750,0,0,0,0,1,0,0,0
LOC_Os02g12790,0,0,0,0,0,1,0,0
LOC_Os02g12870,0,0,0,0,1,0,0,0
LOC_Os02g13300,0,0,0,0,8,0,1,0
LOC_Os02g13350,0,0,0,0,0,0,0,2
LOC_Os02g13360,7,0,0,0,0,0,0,0
LOC_Os02g13580,0,0,0,0,1,0,0,0
LOC_Os02g13640,2,0,0,0,0,0,0,0
LOC_Os02g13780,0,0,0,0,1,0,0,0
LOC_Os02g13800,0,0,0,0,1,0,0,0
LOC_Os02g13900,0,0,0,0,2,0,0,0
LOC_Os02g14160,0,1,0,0,0,0,1,0
LOC_Os02g14430,0,0,0,0,1,0,0,0
LOC_Os02g14480,0,0,0,0,1,0,1,0
LOC_Os02g14840,0,0,0,0,3,0,0,0
LOC_Os02g14910,0,0,0,0,1,0,0,0
LOC_Os02g15250,0,0,0,0,1,0,0,0
LOC_Os02g15810,0,1,0,0,0,0,0,0
LOC_Os02g15930,63,0,31,0,0,0,0,0
LOC_Os02g16040,4,0,0,0,0,0,0,0
LOC_Os02g16640,1,0,0,0,0,0,0,0
LOC_Os02g16909,0,0,0,0,1,0,0,0
LOC_Os02g16940,0,0,0,1,0,0,0,0
LOC_Os02g17320,0,0,0,0,1,0,0,0
LOC_Os02g17500,1,0,0,0,0,0,0,0
LOC_Os02g18140,0,0,0,0,1,0,0,0
LOC_Os02g18390,6,0,0,0,0,0,0,0
LOC_Os02g18410,0,0,0,0,1,0,0,0
LOC_Os02g18450,0,0,0,0,0,0,0,1
LOC_Os02g19410,6,0,0,0,0,0,0,0
LOC_Os02g20930,4,0,0,0,0,0,0,0
LOC_Os02g20970,0,0,0,0,8,0,1,0
LOC_Os02g21009,0,0,0,0,0,0,0,2
LOC_Os02g21040,0,0,0,0,1,0,1,0
LOC_Os02g21230,1,0,0,0,0,0,0,0
LOC_Os02g22080,0,0,0,0,1,0,0,0
LOC_Os02g22100,0,0,0,0,0,1,0,0
LOC_Os02g22160,0,0,0,0,2,0,1,0
LOC_Os02g26470,1,0,0,0,0,0,0,0
LOC_Os02g26780,0,0,0,0,1,0,0,0
LOC_Os02g26810,0,0,0,0,1,0,0,0
LOC_Os02g28040,0,0,0,0,1,0,0,0
LOC_Os02g28720,0,0,0,0,1,0,0,0
LOC_Os02g28850,0,0,0,0,1,0,0,0
LOC_Os02g28980,5,0,0,1,0,0,0,0
LOC_Os02g29630,0,0,0,0,1,0,0,0
LOC_Os02g30110,0,1,0,0,0,0,0,0
LOC_Os02g30610,0,0,0,0,4,0,0,0
LOC_Os02g30900,0,0,0,0,2,0,0,0
LOC_Os02g30910,0,0,0,0,12,0,5,0
LOC_Os02g32140,0,0,0,0,1,0,0,0
LOC_Os02g32520,0,0,0,0,8,0,3,0
LOC_Os02g32580,0,0,0,0,15,0,3,0
LOC_Os02g32590,3,0,0,0,2,0,1,0
LOC_Os02g32780,0,0,0,0,0,1,0,0
LOC_Os02g33060,0,0,0,0,0,0,0,1
LOC_Os02g33230,6,0,0,0,0,0,0,0
LOC_Os02g33380,2,0,1,0,2,0,0,0
LOC_Os02g33560,2,0,0,0,0,0,0,0
LOC_Os02g33590,0,0,0,0,0,0,1,0
LOC_Os02g33680,0,0,0,0,5,0,0,0
LOC_Os02g33770,0,0,1,0,0,0,0,0
LOC_Os02g34410,0,0,0,0,2,0,1,0
LOC_Os02g34560,0,0,0,0,1,0,0,0
LOC_Os02g34600,0,0,0,0,7,0,2,0
LOC_Os02g34930,0,0,0,0,0,1,0,0
LOC_Os02g34970,0,0,0,0,1,0,0,0
LOC_Os02g35180,0,0,0,0,0,2,0,5
LOC_Os02g35490,0,0,0,0,1,0,0,0
LOC_Os02g35770,0,0,0,0,4,0,2,0
LOC_Os02g35780,0,0,0,0,1,0,0,0
LOC_Os02g35870,0,0,0,0,1,0,0,0
LOC_Os02g35970,0,0,0,0,0,1,0,0
LOC_Os02g36150,0,0,0,0,1,0,0,0
LOC_Os02g36210,0,7,0,2,0,0,0,0
LOC_Os02g36490,0,0,0,0,6,0,0,0
LOC_Os02g37000,6,0,0,0,0,0,0,0
LOC_Os02g37070,2,0,0,0,0,0,0,0
LOC_Os02g37590,0,0,0,0,1,0,0,0
LOC_Os02g37930,0,0,0,0,3,0,0,0
LOC_Os02g37970,0,0,0,0,3,0,4,0
LOC_Os02g38386,7,0,0,0,0,0,0,0
LOC_Os02g38392,3,0,0,0,0,0,0,0
LOC_Os02g38840,2,0,0,0,2,0,2,0
LOC_Os02g39330,0,0,0,0,3,0,0,0
LOC_Os02g39390,2,0,0,0,0,0,0,0
LOC_Os02g39790,0,0,0,0,1,0,0,0
LOC_Os02g39850,0,0,0,0,1,0,0,0
LOC_Os02g39884,3,0,0,0,0,0,0,0
LOC_Os02g40260,0,3,0,0,0,0,0,0
LOC_Os02g40454,0,0,0,0,0,1,0,0
LOC_Os02g40700,0,0,0,0,1,0,0,0
LOC_Os02g40784,0,0,0,0,1,0,0,0
LOC_Os02g40900,14,0,0,0,0,0,0,0
LOC_Os02g41500,0,0,0,0,1,0,0,0
LOC_Os02g41510,0,0,0,0,0,0,1,0
LOC_Os02g41520,0,0,0,0,1,0,0,0
LOC_Os02g41580,0,0,0,0,2,0,0,0
LOC_Os02g41670,0,0,0,0,2,0,0,0
LOC_Os02g41840,0,0,0,0,7,0,0,0
LOC_Os02g41890,0,0,0,0,1,0,0,0
LOC_Os02g41954,0,0,0,0,6,0,1,0
LOC_Os02g42585,0,0,0,0,6,0,0,0
LOC_Os02g42850,0,0,0,0,1,0,0,0
LOC_Os02g42890,6,0,0,0,0,0,0,0
LOC_Os02g42990,0,0,0,0,1,0,1,0
LOC_Os02g43020,12,0,0,2,0,0,0,0
LOC_Os02g43330,0,0,0,0,17,0,3,0
LOC_Os02g43460,0,0,0,0,1,0,0,0
LOC_Os02g43540,0,0,0,0,2,0,0,0
LOC_Os02g43560,0,0,0,0,1,0,0,0
LOC_Os02g43770,0,0,0,0,10,0,3,0
LOC_Os02g43790,0,0,0,0,1,0,0,0
LOC_Os02g43920,0,0,0,0,1,0,0,0
LOC_Os02g43940,0,0,0,0,5,0,0,0
LOC_Os02g44090,0,0,0,0,9,0,1,0
LOC_Os02g44770,11,0,0,0,1,0,0,0
LOC_Os02g44870,0,0,0,0,15,0,4,0
LOC_Os02g44930,0,0,0,0,1,0,0,0
LOC_Os02g45200,0,0,0,0,1,0,0,0
LOC_Os02g45310,0,1,0,0,0,0,0,0
LOC_Os02g45380,0,0,0,0,2,0,0,0
LOC_Os02g45420,0,0,0,0,5,0,1,0
LOC_Os02g45670,0,0,0,0,0,1,0,0
LOC_Os02g45780,1,0,0,0,1,0,0,0
LOC_Os02g46030,0,0,0,0,4,0,0,0
LOC_Os02g46650,0,0,0,0,2,0,0,0
LOC_Os02g46660,0,0,0,0,0,2,0,0
LOC_Os02g46910,0,0,0,0,2,0,0,0
LOC_Os02g46970,0,1,0,0,0,0,0,0
LOC_Os02g46980,0,0,0,0,0,1,0,0
LOC_Os02g47110,6,0,0,0,0,0,0,0
LOC_Os02g47470,0,0,0,0,1,0,0,0
LOC_Os02g47650,0,0,0,0,1,0,0,0
LOC_Os02g47660,0,0,0,0,1,0,0,0
LOC_Os02g47810,0,0,0,0,1,0,0,0
LOC_Os02g47840,0,0,0,0,1,0,1,0
LOC_Os02g48110,12,0,0,0,0,0,0,0
LOC_Os02g48140,12,0,0,0,0,0,0,0
LOC_Os02g48190,0,0,0,0,3,0,1,0
LOC_Os02g48210,0,0,0,0,1,0,0,0
LOC_Os02g48320,0,0,0,0,3,0,1,0
LOC_Os02g48330,1,0,0,0,0,0,0,0
LOC_Os02g48350,14,0,0,0,0,0,0,0
LOC_Os02g48630,0,0,0,0,1,0,1,0
LOC_Os02g48640,0,0,0,0,1,0,0,0
LOC_Os02g48780,8,0,0,0,0,0,0,0
LOC_Os02g49060,0,0,0,0,0,1,0,0
LOC_Os02g49480,0,0,0,0,2,0,0,0
LOC_Os02g49610,8,0,0,0,0,0,0,0
LOC_Os02g49760,0,0,0,0,1,0,0,0
LOC_Os02g49840,5,0,0,0,0,0,0,0
LOC_Os02g49870,0,0,0,0,0,1,0,0
LOC_Os02g50350,0,0,0,0,7,0,9,0
LOC_Os02g50372,0,0,0,0,3,0,0,0
LOC_Os02g50600,0,0,0,0,1,0,0,0
LOC_Os02g50680,5,0,0,0,0,0,0,0
LOC_Os02g50690,0,0,0,0,4,0,2,0
LOC_Os02g50710,1,0,0,0,0,0,0,0
LOC_Os02g50900,0,0,0,0,1,0,0,0
LOC_Os02g51350,0,0,0,0,2,0,2,0
LOC_Os02g51730,0,0,0,0,2,0,0,0
LOC_Os02g51890,0,0,0,0,2,0,0,0
LOC_Os02g51930,1,0,0,0,0,0,0,0
LOC_Os02g52000,0,0,0,0,1,0,0,0
LOC_Os02g52010,0,0,0,0,7,0,0,0
LOC_Os02g52040,0,0,0,0,2,0,0,0
LOC_Os02g52140,16,0,0,0,0,0,0,0
LOC_Os02g52150,12,0,0,0,0,0,0,0
LOC_Os02g52210,0,0,0,0,2,0,0,0
LOC_Os02g52220,0,0,0,0,1,0,0,0
LOC_Os02g52370,0,0,0,0,2,0,0,0
LOC_Os02g52380,0,0,0,0,1,0,0,0
LOC_Os02g52670,0,0,0,0,4,0,1,0
LOC_Os02g52780,0,0,0,0,15,0,2,0
LOC_Os02g53320,33,0,3,0,0,0,0,0
LOC_Os02g53490,2,0,0,0,0,0,0,0
LOC_Os02g53530,0,0,0,0,0,1,0,0
LOC_Os02g54130,1,0,0,0,0,0,0,0
LOC_Os02g54140,36,0,1,0,0,0,0,0
LOC_Os02g54254,1,0,0,0,3,0,2,0
LOC_Os02g54600,0,0,0,0,1,0,0,0
LOC_Os02g54720,0,0,0,0,1,0,0,0
LOC_Os02g54730,10,0,0,0,0,0,0,0
LOC_Os02g54820,0,0,0,0,1,0,0,0
LOC_Os02g55290,0,0,0,0,1,0,0,0
LOC_Os02g55300,1,0,0,0,0,0,0,0
LOC_Os02g55430,0,0,0,0,1,0,0,0
LOC_Os02g55560,1,0,0,0,1,0,0,0
LOC_Os02g55970,0,0,0,0,5,0,1,0
LOC_Os02g56820,0,0,0,0,1,0,0,0
LOC_Os02g56860,0,0,0,0,1,0,0,0
LOC_Os02g56880,3,0,0,0,0,0,0,0
LOC_Os02g56900,5,0,0,2,5,0,0,0
LOC_Os02g57060,0,3,0,3,0,0,0,0
LOC_Os02g57140,0,1,0,0,0,0,0,0
LOC_Os02g57810,0,0,0,0,2,0,0,0
LOC_Os02g57840,0,0,0,0,14,0,8,0
LOC_Os02g58670,5,0,0,0,0,0,0,0
LOC_Os03g01740,0,0,0,0,7,0,2,0
LOC_Os03g01930,0,0,0,0,0,1,0,0
LOC_Os03g02260,16,0,0,0,0,0,0,0
LOC_Os03g02530,0,0,0,0,4,0,1,0
LOC_Os03g02685,0,0,0,0,9,0,2,0
LOC_Os03g02780,0,0,0,0,1,0,0,0
LOC_Os03g02874,1,0,0,0,0,0,0,0
LOC_Os03g02920,0,0,0,0,2,0,0,0
LOC_Os03g03034,0,0,0,0,2,0,1,0
LOC_Os03g03200,2,0,0,0,0,0,0,0
LOC_Os03g03350,0,1,0,0,0,0,0,0
LOC_Os03g03370,0,0,0,0,16,0,3,0
LOC_Os03g03450,0,0,0,0,2,0,0,0
LOC_Os03g03550,0,0,0,0,1,0,0,0
LOC_Os03g03700,0,0,0,0,1,0,0,0
LOC_Os03g03790,0,0,0,0,0,0,0,1
LOC_Os03g03980,8,0,0,0,0,0,0,0
LOC_Os03g04080,3,0,0,0,2,0,0,0
LOC_Os03g04190,0,0,0,0,5,0,0,0
LOC_Os03g04370,0,0,0,0,1,0,0,0
LOC_Os03g04770,0,0,0,0,6,0,1,0
LOC_Os03g04890,0,0,0,0,2,0,0,0
LOC_Os03g04920,0,0,0,0,1,0,0,0
LOC_Os03g04970,11,0,0,0,0,0,0,0
LOC_Os03g05530,0,0,0,0,0,1,0,1
LOC_Os03g05750,2,0,0,0,0,0,0,0
LOC_Os03g05920,0,0,0,0,2,0,0,0
LOC_Os03g06080,12,0,0,0,0,0,0,0
LOC_Os03g06220,1,0,0,0,0,0,0,0
LOC_Os03g06490,3,0,0,0,0,0,0,0
LOC_Os03g06520,0,0,0,0,6,0,1,0
LOC_Os03g06580,0,0,0,0,1,0,0,0
LOC_Os03g06630,4,0,0,0,0,0,0,0
LOC_Os03g07180,2,0,0,0,0,0,0,0
LOC_Os03g07530,0,0,0,0,1,0,0,0
LOC_Os03g07870,7,0,0,0,0,0,0,0
LOC_Os03g07880,2,0,0,0,0,0,0,0
LOC_Os03g08250,5,0,0,0,0,0,0,0
LOC_Os03g08284,0,0,0,0,1,0,0,0
LOC_Os03g08320,0,0,0,0,3,0,2,0
LOC_Os03g08330,0,0,0,0,3,0,1,0
LOC_Os03g08490,0,0,0,0,1,0,0,0
LOC_Os03g08520,0,0,0,0,1,0,1,0
LOC_Os03g08550,0,0,0,0,2,0,3,0
LOC_Os03g08580,2,0,0,0,0,0,0,0
LOC_Os03g08840,0,0,0,0,2,0,0,0
LOC_Os03g09140,0,0,0,0,1,0,0,0
LOC_Os03g09170,0,0,0,0,15,0,3,0
LOC_Os03g09250,1,0,0,0,8,0,0,0
LOC_Os03g10110,0,0,0,0,5,0,0,0
LOC_Os03g10140,0,0,0,0,5,0,0,0
LOC_Os03g10210,0,0,0,0,3,0,1,0
LOC_Os03g10260,0,0,0,0,1,0,0,0
LOC_Os03g10880,0,0,0,0,0,2,0,0
LOC_Os03g11440,5,0,0,0,0,0,0,0
LOC_Os03g11550,0,0,0,0,12,0,1,0
LOC_Os03g11900,0,0,0,0,2,0,0,0
LOC_Os03g11910,52,0,10,0,0,0,0,0
LOC_Os03g12110,0,0,0,0,1,0,0,0
LOC_Os03g12230,0,0,0,0,1,0,0,0
LOC_Os03g12350,0,0,0,0,2,0,0,0
LOC_Os03g12530,0,0,0,0,0,1,0,0
LOC_Os03g12700,0,0,0,0,0,1,0,0
LOC_Os03g12790,0,0,0,0,0,1,0,1
LOC_Os03g12820,5,0,0,0,6,0,1,0
LOC_Os03g13010,0,0,0,0,0,1,0,0
LOC_Os03g13450,9,0,0,0,0,0,0,0
LOC_Os03g13740,0,0,0,0,1,0,0,0
LOC_Os03g13800,1,0,0,0,0,0,0,0
LOC_Os03g13850,6,0,0,0,0,0,0,0
LOC_Os03g14010,0,0,0,0,2,0,0,0
LOC_Os03g14050,0,0,0,0,6,0,2,0
LOC_Os03g14090,0,0,0,0,1,0,0,0
LOC_Os03g14180,43,0,16,0,0,0,0,0
LOC_Os03g14590,0,0,0,0,8,0,1,0
LOC_Os03g14642,0,1,0,0,0,0,0,0
LOC_Os03g15270,0,0,0,0,9,0,1,0
LOC_Os03g15720,10,0,0,0,0,0,0,0
LOC_Os03g15780,0,0,0,0,2,0,0,0
LOC_Os03g15790,0,0,0,0,1,0,0,0
LOC_Os03g15890,11,0,0,0,0,0,0,0
LOC_Os03g15960,47,0,9,0,0,0,0,0
LOC_Os03g16020,24,0,0,0,0,0,0,0
LOC_Os03g16030,36,0,8,0,0,0,0,0
LOC_Os03g16040,38,0,6,0,0,0,0,0
LOC_Os03g16170,1,0,0,0,14,0,2,0
LOC_Os03g16334,0,0,0,0,2,0,0,0
LOC_Os03g16350,0,0,0,0,4,0,1,0
LOC_Os03g16460,16,0,0,0,0,0,0,0
LOC_Os03g16570,6,0,0,0,0,0,0,0
LOC_Os03g16670,0,0,0,0,10,0,7,0
LOC_Os03g16690,0,0,0,0,2,0,0,0
LOC_Os03g16860,4,0,0,12,0,0,0,0
LOC_Os03g16874,44,0,8,0,0,0,0,0
LOC_Os03g16920,59,0,19,0,0,0,0,0
LOC_Os03g16950,2,0,0,0,0,0,0,0
LOC_Os03g17000,0,0,0,0,1,0,0,0
LOC_Os03g17060,10,0,0,0,0,0,0,0
LOC_Os03g17164,0,0,0,0,8,0,1,0
LOC_Os03g17690,2,0,0,0,0,0,0,0
LOC_Os03g17700,0,0,0,0,4,0,1,0
LOC_Os03g17760,0,0,0,0,1,0,0,0
LOC_Os03g17790,0,0,0,0,8,0,2,0
LOC_Os03g18030,0,0,0,0,4,0,0,0
LOC_Os03g18070,0,0,0,0,0,0,0,2
LOC_Os03g18130,0,0,0,0,2,0,2,0
LOC_Os03g18190,6,0,0,0,0,0,0,0
LOC_Os03g18200,11,0,0,0,0,0,0,0
LOC_Os03g18490,0,0,0,0,10,0,1,0
LOC_Os03g18600,0,0,0,0,0,9,0,0
LOC_Os03g18680,0,0,0,0,4,0,0,0
LOC_Os03g18770,0,0,0,0,1,0,0,0
LOC_Os03g18870,32,0,1,0,0,0,0,0
LOC_Os03g18910,0,0,0,0,2,0,0,0
LOC_Os03g19200,0,0,0,0,1,0,0,0
LOC_Os03g19240,0,0,0,0,0,1,0,0
LOC_Os03g19290,0,0,0,0,0,0,1,0
LOC_Os03g20120,10,0,0,0,7,0,0,0
LOC_Os03g20330,0,0,1,0,0,0,0,0
LOC_Os03g20370,0,0,0,0,2,0,0,0
LOC_Os03g20460,5,0,0,0,0,0,0,0
LOC_Os03g20550,0,0,0,0,9,0,1,0
LOC_Os03g20840,0,0,0,0,1,0,0,0
LOC_Os03g20860,1,0,0,0,0,0,0,0
LOC_Os03g20870,1,0,0,0,0,0,0,0
LOC_Os03g20910,0,0,0,0,1,0,0,0
LOC_Os03g21210,3,0,0,0,2,0,0,0
LOC_Os03g21260,1,0,0,0,0,0,0,0
LOC_Os03g21560,0,0,0,0,0,1,0,0
LOC_Os03g21640,0,0,0,0,2,0,0,0
LOC_Os03g22050,1,0,1,0,0,0,0,0
LOC_Os03g22120,0,0,0,0,1,0,1,0
LOC_Os03g22200,0,0,0,0,9,0,1,0
LOC_Os03g22350,7,0,0,0,0,0,0,0
LOC_Os03g22510,0,0,0,0,3,0,0,0
LOC_Os03g22680,0,0,0,0,0,0,1,0
LOC_Os03g22790,0,0,0,0,8,0,0,0
LOC_Os03g22820,0,0,0,0,2,0,2,0
LOC_Os03g23050,0,0,0,0,1,0,0,0
LOC_Os03g23110,0,0,0,0,1,0,0,0
LOC_Os03g24040,0,0,0,0,1,0,0,0
LOC_Os03g24070,12,0,0,0,0,0,0,0
LOC_Os03g24100,0,0,0,0,1,0,0,0
LOC_Os03g24610,1,0,0,0,0,0,0,0
LOC_Os03g24930,0,0,0,0,0,1,0,0
LOC_Os03g25050,16,0,0,0,0,0,0,0
LOC_Os03g25750,0,0,0,0,2,0,1,0
LOC_Os03g25760,0,0,0,0,6,0,0,0
LOC_Os03g25770,7,0,0,0,0,0,0,0
LOC_Os03g25790,0,0,0,0,4,0,1,0
LOC_Os03g26460,17,0,0,0,0,0,0,0
LOC_Os03g26530,0,0,0,0,0,1,0,1
LOC_Os03g26870,0,0,0,0,10,0,0,0
LOC_Os03g26910,0,0,0,0,13,0,1,0
LOC_Os03g27080,0,0,0,0,1,0,0,0
LOC_Os03g28170,0,1,0,0,0,0,0,0
LOC_Os03g28940,0,0,0,0,3,0,0,0
LOC_Os03g29150,0,22,0,2,0,0,0,0
LOC_Os03g29770,0,0,1,0,0,0,1,0
LOC_Os03g30300,23,0,0,0,0,0,0,0
LOC_Os03g30420,2,0,0,0,0,0,0,0
LOC_Os03g31180,0,0,0,0,1,0,0,0
LOC_Os03g31300,31,0,0,0,0,0,0,0
LOC_Os03g31510,0,0,0,0,2,0,0,0
LOC_Os03g31750,0,0,0,0,0,0,1,0
LOC_Os03g32230,0,0,0,0,0,0,1,0
LOC_Os03g32420,0,0,0,0,2,0,1,0
LOC_Os03g32460,0,1,0,0,0,0,0,0
LOC_Os03g33580,0,0,0,0,3,0,0,0
LOC_Os03g33650,0,0,0,0,1,0,0,0
LOC_Os03g36279,1,0,0,0,0,0,0,0
LOC_Os03g38500,4,0,0,0,0,0,0,0
LOC_Os03g38540,0,0,1,0,0,0,0,0
LOC_Os03g38950,0,0,1,0,0,0,0,0
LOC_Os03g38960,1,0,0,0,0,0,0,0
LOC_Os03g38970,0,0,0,0,1,0,0,0
LOC_Os03g39710,0,0,0,0,1,0,0,0
LOC_Os03g40194,0,0,0,0,2,0,0,0
LOC_Os03g40260,22,0,0,0,0,0,0,0
LOC_Os03g40540,0,0,0,0,2,0,0,0
LOC_Os03g40930,0,0,0,0,2,0,0,0
LOC_Os03g41060,1,0,0,0,2,0,0,0
LOC_Os03g42070,0,0,0,0,0,2,0,0
LOC_Os03g42520,0,0,0,0,12,0,2,0
LOC_Os03g42600,0,0,0,0,0,0,1,0
LOC_Os03g42810,8,0,0,0,0,0,0,0
LOC_Os03g43470,0,0,0,0,0,1,0,0
LOC_Os03g43590,0,0,0,0,2,0,0,0
LOC_Os03g43750,2,0,0,0,0,0,0,0
LOC_Os03g43880,0,0,0,0,3,0,4,0
LOC_Os03g44380,0,0,0,0,19,0,2,0
LOC_Os03g44530,0,0,1,0,0,0,0,0
LOC_Os03g44780,6,0,0,0,0,0,0,0
LOC_Os03g44810,0,0,0,0,3,0,0,0
LOC_Os03g44835,0,0,0,0,1,0,0,0
LOC_Os03g45280,0,0,0,0,2,0,0,0
LOC_Os03g45619,0,3,0,0,0,0,0,0
LOC_Os03g46060,1,0,0,0,0,0,0,0
LOC_Os03g47500,1,0,0,0,0,0,0,0
LOC_Os03g47610,0,0,1,0,0,0,0,0
LOC_Os03g48490,0,0,0,0,1,0,0,0
LOC_Os03g48710,0,0,0,0,1,0,0,0
LOC_Os03g49190,0,0,0,0,1,0,0,0
LOC_Os03g49350,0,0,0,0,1,0,1,0
LOC_Os03g49380,4,0,0,0,3,0,1,0
LOC_Os03g49430,18,0,0,0,0,0,0,0
LOC_Os03g49440,0,0,0,0,7,0,0,0
LOC_Os03g49730,3,0,0,0,0,0,0,0
LOC_Os03g50030,0,1,0,0,0,0,0,0
LOC_Os03g50130,8,0,0,1,0,0,0,0
LOC_Os03g50160,0,0,0,0,1,0,1,0
LOC_Os03g50250,1,0,0,0,0,0,0,0
LOC_Os03g50280,0,0,0,0,2,0,0,0
LOC_Os03g50810,0,0,0,0,2,0,0,0
LOC_Os03g50960,0,0,0,0,2,0,2,0
LOC_Os03g51010,13,0,0,0,1,0,0,0
LOC_Os03g51200,2,0,0,0,0,0,0,0
LOC_Os03g51350,0,0,0,0,9,0,0,0
LOC_Os03g51459,30,0,1,0,0,0,0,0
LOC_Os03g51740,0,0,0,0,2,0,0,0
LOC_Os03g51760,12,0,0,0,0,0,0,0
LOC_Os03g51920,25,0,1,0,7,0,2,0
LOC_Os03g52010,0,0,0,0,0,2,0,0
LOC_Os03g52070,0,0,0,0,0,1,0,0
LOC_Os03g52340,10,0,0,0,0,0,0,0
LOC_Os03g52430,2,0,0,0,0,0,0,0
LOC_Os03g52860,0,0,1,0,1,0,0,0
LOC_Os03g53020,0,0,0,0,2,0,0,0
LOC_Os03g53200,0,0,0,0,7,0,2,0
LOC_Os03g53220,0,0,0,0,1,0,0,0
LOC_Os03g53340,12,0,0,0,0,0,0,0
LOC_Os03g53400,33,0,3,0,0,0,0,0
LOC_Os03g53540,0,0,0,0,4,0,0,0
LOC_Os03g53750,1,0,0,0,0,0,0,0
LOC_Os03g53910,42,0,2,0,0,0,0,0
LOC_Os03g54760,0,0,0,0,1,0,0,0
LOC_Os03g55020,0,0,0,0,0,1,0,0
LOC_Os03g55050,1,0,0,0,0,0,0,0
LOC_Os03g55090,1,0,0,0,0,0,0,0
LOC_Os03g55290,0,0,0,0,0,0,1,0
LOC_Os03g55320,3,0,0,0,2,0,0,0
LOC_Os03g55340,0,0,0,0,1,0,0,0
LOC_Os03g55350,0,0,0,0,1,0,0,0
LOC_Os03g55420,0,0,0,0,2,0,0,0
LOC_Os03g55430,0,0,0,0,1,0,0,0
LOC_Os03g55530,0,0,0,1,0,0,0,0
LOC_Os03g55610,0,0,0,0,1,0,0,0
LOC_Os03g55800,0,0,0,0,4,0,1,0
LOC_Os03g55870,0,0,0,0,3,0,0,0
LOC_Os03g56060,0,0,0,0,3,0,0,0
LOC_Os03g56250,0,0,0,0,1,0,0,0
LOC_Os03g56270,0,0,0,0,0,1,0,1
LOC_Os03g56540,16,0,0,0,0,0,0,0
LOC_Os03g56590,10,0,0,0,0,0,0,0
LOC_Os03g56869,0,0,0,0,0,1,0,0
LOC_Os03g57149,0,0,0,0,0,1,0,0
LOC_Os03g57200,1,0,0,0,0,0,0,0
LOC_Os03g57240,0,1,0,0,0,3,0,0
LOC_Os03g57310,0,0,0,0,0,0,1,0
LOC_Os03g57340,7,0,0,0,0,0,0,0
LOC_Os03g57640,0,0,0,0,5,0,2,0
LOC_Os03g57880,0,0,0,0,13,0,4,0
LOC_Os03g58010,0,0,0,0,1,0,0,0
LOC_Os03g58080,0,1,0,0,0,0,0,0
LOC_Os03g58170,29,0,0,0,0,0,0,0
LOC_Os03g58230,0,0,0,0,0,1,0,0
LOC_Os03g58290,0,0,0,0,2,0,0,1
LOC_Os03g58320,0,0,0,0,1,0,0,0
LOC_Os03g59040,0,0,0,0,8,0,1,0
LOC_Os03g59180,0,0,0,0,9,0,2,0
LOC_Os03g59320,0,0,0,0,2,0,0,0
LOC_Os03g59360,0,0,0,0,3,0,3,0
LOC_Os03g59430,6,0,0,0,0,0,0,0
LOC_Os03g59480,2,0,0,0,0,0,0,0
LOC_Os03g59774,5,0,1,0,0,0,0,0
LOC_Os03g60080,0,0,0,0,1,0,1,0
LOC_Os03g60220,0,0,0,0,3,0,0,0
LOC_Os03g60370,0,0,0,0,10,0,2,0
LOC_Os03g60560,4,0,0,0,10,0,2,0
LOC_Os03g60570,0,0,0,0,4,0,1,0
LOC_Os03g60580,0,0,0,0,10,0,2,0
LOC_Os03g60780,11,0,0,0,0,0,0,0
LOC_Os03g60850,1,0,0,0,0,0,0,0
LOC_Os03g61150,1,0,0,0,1,0,1,0
LOC_Os03g61270,1,0,0,0,0,0,0,0
LOC_Os03g61360,0,0,0,0,3,0,0,0
LOC_Os03g61490,0,0,0,0,2,0,0,0
LOC_Os03g61620,0,0,0,0,0,2,0,0
LOC_Os03g61670,27,0,6,0,0,0,0,0
LOC_Os03g61960,6,0,0,0,0,0,0,0
LOC_Os03g62230,0,0,0,0,1,0,0,0
LOC_Os03g62270,0,0,0,0,0,2,0,1
LOC_Os03g62670,0,0,0,0,0,1,0,0
LOC_Os03g62750,0,0,0,0,3,0,0,0
LOC_Os03g63270,0,0,0,0,1,0,0,0
LOC_Os03g63330,0,0,0,0,0,2,0,0
LOC_Os03g63970,0,0,0,0,0,1,0,0
LOC_Os03g64260,0,0,0,0,4,0,1,0
LOC_Os04g01310,0,0,0,0,1,0,1,0
LOC_Os04g01740,37,0,3,0,0,0,0,0
LOC_Os04g02140,0,0,0,0,1,0,0,0
LOC_Os04g02880,0,1,0,0,0,1,0,0
LOC_Os04g03050,0,1,0,0,0,0,0,0
LOC_Os04g03980,0,0,0,0,3,0,0,0
LOC_Os04g05010,24,0,0,0,0,0,0,0
LOC_Os04g10060,0,0,0,0,1,0,0,0
LOC_Os04g10350,0,0,0,0,1,0,0,0
LOC_Os04g10690,2,0,0,0,0,0,0,0
LOC_Os04g12960,0,0,0,0,3,0,0,0
LOC_Os04g12970,1,0,0,0,0,0,0,0
LOC_Os04g13210,0,0,0,0,1,0,0,0
LOC_Os04g14790,0,0,0,0,1,0,0,0
LOC_Os04g15550,0,0,0,0,1,0,0,0
LOC_Os04g15630,0,0,0,0,1,0,0,0
LOC_Os04g16990,0,0,0,0,1,0,0,0
LOC_Os04g17100,0,0,0,0,15,0,4,0
LOC_Os04g19740,0,0,0,0,1,0,1,0
LOC_Os04g20210,0,0,0,0,1,0,0,0
LOC_Os04g23040,0,0,0,0,0,1,0,0
LOC_Os04g23550,0,0,0,0,1,0,0,0
LOC_Os04g23760,0,0,0,0,1,0,0,0
LOC_Os04g24110,0,0,0,0,0,1,0,0
LOC_Os04g26920,0,1,0,0,0,0,0,0
LOC_Os04g27190,0,1,0,0,0,0,0,0
LOC_Os04g27340,0,0,0,1,0,0,0,0
LOC_Os04g27400,0,0,0,0,1,0,0,0
LOC_Os04g27670,1,1,0,1,0,0,0,0
LOC_Os04g27810,1,0,0,0,1,0,0,0
LOC_Os04g28420,56,0,13,0,0,0,0,0
LOC_Os04g28520,0,1,0,0,0,0,0,0
LOC_Os04g30320,0,0,0,0,1,0,0,0
LOC_Os04g30420,3,0,0,0,0,0,1,0
LOC_Os04g31270,10,0,0,0,0,0,0,0
LOC_Os04g31460,0,1,0,0,0,0,0,0
LOC_Os04g32070,0,0,0,0,2,0,0,0
LOC_Os04g32480,0,0,0,0,3,0,0,0
LOC_Os04g32580,2,0,0,0,0,0,0,0
LOC_Os04g32790,0,0,0,0,6,0,1,0
LOC_Os04g32860,0,1,0,0,0,0,0,0
LOC_Os04g32920,0,0,0,0,1,0,0,0
LOC_Os04g32950,16,0,0,0,0,0,0,0
LOC_Os04g33640,0,0,0,0,6,0,1,0
LOC_Os04g33660,0,0,0,0,0,2,0,0
LOC_Os04g33810,0,0,0,0,1,0,0,0
LOC_Os04g33820,0,0,0,0,2,0,1,0
LOC_Os04g33920,0,0,0,0,3,0,2,0
LOC_Os04g34000,6,0,0,0,0,0,0,0
LOC_Os04g34490,0,0,0,0,1,0,0,0
LOC_Os04g34600,0,0,0,0,2,0,0,0
LOC_Os04g35140,0,0,0,0,0,0,1,0
LOC_Os04g35240,0,0,0,0,2,0,1,0
LOC_Os04g35390,0,0,0,0,1,0,0,0
LOC_Os04g35560,0,0,0,0,8,0,2,0
LOC_Os04g36040,0,0,0,0,0,0,0,1
LOC_Os04g36670,0,0,0,0,1,0,4,0
LOC_Os04g36750,63,0,29,0,0,0,0,0
LOC_Os04g37430,0,0,0,0,1,0,0,0
LOC_Os04g37490,0,0,0,0,2,0,1,0
LOC_Os04g37670,0,0,0,0,1,0,0,0
LOC_Os04g37770,0,0,0,0,2,0,2,0
LOC_Os04g37790,0,0,0,0,1,0,0,0
LOC_Os04g37960,15,0,0,0,0,0,0,0
LOC_Os04g38950,0,0,0,0,1,0,0,0
LOC_Os04g38970,3,0,0,0,0,0,0,0
LOC_Os04g39080,0,0,0,0,1,0,0,0
LOC_Os04g39110,1,0,0,0,0,0,0,0
LOC_Os04g39210,0,0,0,0,4,0,0,0
LOC_Os04g40070,0,0,0,0,4,0,1,0
LOC_Os04g40470,1,0,0,0,0,0,0,0
LOC_Os04g40990,0,0,0,0,2,0,1,0
LOC_Os04g41370,0,0,0,0,1,0,0,0
LOC_Os04g41700,0,1,0,0,0,0,0,0
LOC_Os04g41960,0,0,0,0,5,0,2,0
LOC_Os04g41970,0,0,0,0,2,0,1,0
LOC_Os04g42980,0,0,0,0,1,0,0,0
LOC_Os04g43200,0,0,0,0,7,0,2,0
LOC_Os04g43440,0,0,0,0,3,0,2,0
LOC_Os04g43680,0,0,0,0,3,0,2,0
LOC_Os04g43800,0,0,0,0,1,0,0,0
LOC_Os04g43910,0,1,0,0,0,0,0,0
LOC_Os04g44100,9,0,0,0,0,0,0,0
LOC_Os04g44150,0,0,0,0,2,0,0,0
LOC_Os04g44500,0,0,0,0,9,0,0,0
LOC_Os04g44510,0,0,0,0,1,0,0,0
LOC_Os04g44530,0,0,0,0,14,0,2,0
LOC_Os04g44670,0,0,0,0,1,0,0,0
LOC_Os04g44830,63,0,22,0,0,0,0,0
LOC_Os04g44870,0,0,0,0,2,0,0,0
LOC_Os04g44950,0,0,0,0,0,0,1,0
LOC_Os04g44980,0,0,0,0,1,0,0,0
LOC_Os04g45210,0,0,0,0,0,1,0,0
LOC_Os04g45480,46,0,2,0,0,0,0,0
LOC_Os04g45730,0,0,0,0,4,0,2,0
LOC_Os04g45810,0,0,0,0,7,0,2,0
LOC_Os04g45900,1,0,0,0,0,0,0,0
LOC_Os04g45940,0,0,0,0,1,0,1,0
LOC_Os04g46300,0,0,0,0,1,0,0,0
LOC_Os04g46330,21,0,0,0,0,0,0,0
LOC_Os04g46940,0,1,0,0,0,0,0,0
LOC_Os04g46990,0,0,0,0,0,3,0,0
LOC_Os04g47020,0,0,0,0,0,2,0,0
LOC_Os04g47080,1,0,0,0,0,0,0,0
LOC_Os04g47140,0,0,0,0,1,0,0,0
LOC_Os04g47360,3,0,0,0,0,0,0,0
LOC_Os04g47620,0,0,0,0,1,0,0,0
LOC_Os04g47700,0,0,0,0,12,0,4,0
LOC_Os04g47720,0,0,0,0,3,0,1,0
LOC_Os04g48020,2,0,0,0,0,0,0,0
LOC_Os04g48030,4,0,0,0,0,0,0,0
LOC_Os04g48070,0,0,0,0,3,0,1,0
LOC_Os04g48260,0,0,0,0,0,0,1,0
LOC_Os04g48270,0,0,0,0,7,0,1,0
LOC_Os04g48360,2,0,0,0,0,0,0,0
LOC_Os04g48390,0,0,0,0,2,0,1,0
LOC_Os04g48850,0,0,0,0,1,0,0,0
LOC_Os04g49000,0,0,0,0,1,0,0,0
LOC_Os04g49260,0,0,0,0,8,0,2,0
LOC_Os04g49270,1,0,0,0,0,0,0,0
LOC_Os04g49360,0,0,0,0,1,0,0,0
LOC_Os04g49450,2,0,0,0,1,0,0,0
LOC_Os04g49510,0,0,0,0,1,0,0,0
LOC_Os04g49690,0,0,0,0,2,0,0,0
LOC_Os04g49739,0,0,0,0,1,0,0,0
LOC_Os04g49757,0,1,0,0,0,0,0,0
LOC_Os04g49980,2,0,0,0,11,0,3,0
LOC_Os04g50060,2,0,0,0,0,0,0,0
LOC_Os04g50200,0,0,0,0,1,0,0,0
LOC_Os04g50790,0,0,0,0,2,0,0,0
LOC_Os04g50960,0,0,0,1,0,0,0,0
LOC_Os04g51080,1,0,0,0,0,0,0,0
LOC_Os04g51150,3,0,0,0,0,0,0,0
LOC_Os04g51160,5,0,0,0,0,0,0,0
LOC_Os04g51410,0,0,0,0,4,0,1,0
LOC_Os04g51460,0,0,0,0,2,0,0,0
LOC_Os04g51560,0,0,0,0,1,0,0,0
LOC_Os04g51610,0,0,0,0,8,0,2,0
LOC_Os04g51660,0,0,0,0,1,0,0,0
LOC_Os04g51796,0,0,0,0,1,0,1,0
LOC_Os04g51820,0,0,0,0,6,0,3,0
LOC_Os04g51950,0,0,0,0,1,0,0,0
LOC_Os04g52110,0,0,0,0,1,0,0,0
LOC_Os04g52210,0,7,0,0,0,0,0,0
LOC_Os04g52440,0,0,1,0,0,0,0,0
LOC_Os04g52730,0,0,0,0,1,0,0,0
LOC_Os04g52840,0,0,0,0,0,0,1,0
LOC_Os04g53180,0,0,0,0,0,1,0,0
LOC_Os04g53190,0,0,0,0,4,0,0,0
LOC_Os04g53370,0,0,0,1,0,0,0,0
LOC_Os04g53496,3,0,0,0,0,0,0,0
LOC_Os04g53750,0,0,0,0,3,0,0,0
LOC_Os04g53780,1,0,0,0,0,0,0,0
LOC_Os04g53990,0,0,0,0,2,0,1,0
LOC_Os04g53994,0,0,0,0,2,0,1,0
LOC_Os04g54740,0,0,0,0,1,0,0,0
LOC_Os04g55710,0,1,0,0,0,0,0,0
LOC_Os04g55970,0,0,0,0,1,0,0,0
LOC_Os04g56430,1,0,0,0,0,0,0,0
LOC_Os04g56470,0,0,0,0,1,0,0,0
LOC_Os04g56690,0,0,0,0,1,0,0,0
LOC_Os04g57160,0,0,0,0,3,0,0,0
LOC_Os04g57320,0,0,0,0,3,0,0,0
LOC_Os04g57540,0,0,0,0,8,0,2,0
LOC_Os04g57550,0,0,0,0,2,0,1,0
LOC_Os04g57720,0,0,0,0,0,0,0,3
LOC_Os04g57739,4,0,0,0,0,0,0,0
LOC_Os04g57760,0,0,0,0,2,0,0,0
LOC_Os04g57810,0,0,0,0,2,0,0,0
LOC_Os04g58030,0,0,0,0,7,0,1,0
LOC_Os04g58190,7,0,0,0,3,0,0,0
LOC_Os04g58420,0,0,0,0,1,0,0,0
LOC_Os04g58590,0,0,0,0,1,0,0,0
LOC_Os04g58810,0,0,0,0,0,0,1,0
LOC_Os04g58890,0,0,0,0,1,0,1,0
LOC_Os04g59330,0,1,0,0,0,0,0,0
LOC_Os04g59420,0,0,0,0,2,0,0,0
LOC_Os04g59540,0,0,0,0,6,0,1,0
LOC_Os05g01140,0,0,0,0,2,0,0,0
LOC_Os05g01310,11,0,0,0,0,0,0,0
LOC_Os05g02040,12,0,0,0,0,0,0,0
LOC_Os05g02450,0,0,0,0,5,0,0,0
LOC_Os05g02580,0,0,0,0,1,0,0,0
LOC_Os05g02970,1,0,0,0,0,0,0,0
LOC_Os05g03060,1,0,0,0,0,0,0,0
LOC_Os05g03070,0,0,0,0,1,0,0,0
LOC_Os05g03100,0,0,0,0,1,0,0,0
LOC_Os05g03120,0,1,0,0,0,0,0,0
LOC_Os05g03130,0,0,0,0,8,0,1,0
LOC_Os05g03590,0,0,0,0,11,0,4,0
LOC_Os05g03620,0,0,0,0,2,0,1,0
LOC_Os05g03750,1,0,1,0,0,0,0,0
LOC_Os05g03910,19,0,0,0,0,0,0,0
LOC_Os05g03920,0,0,0,0,8,0,2,0
LOC_Os05g04150,1,0,0,0,0,0,0,0
LOC_Os05g04700,0,0,0,0,10,0,4,0
LOC_Os05g04820,0,1,0,0,0,0,0,0
LOC_Os05g05390,3,0,0,0,0,0,0,0
LOC_Os05g06440,14,0,0,0,0,0,0,0
LOC_Os05g07090,0,0,0,0,1,0,0,0
LOC_Os05g07810,1,0,0,0,1,0,0,0
LOC_Os05g07890,0,0,0,0,4,0,1,0
LOC_Os05g07940,4,0,0,0,4,0,0,0
LOC_Os05g08420,0,0,0,0,2,0,0,0
LOC_Os05g08440,4,0,0,0,0,0,0,0
LOC_Os05g08554,0,1,0,0,0,0,0,0
LOC_Os05g08620,0,0,0,0,1,0,0,0
LOC_Os05g08900,0,0,0,0,0,0,1,0
LOC_Os05g09440,1,0,0,0,0,0,0,0
LOC_Os05g09550,9,0,0,0,0,0,0,0
LOC_Os05g10310,0,0,0,0,1,0,0,0
LOC_Os05g10620,0,0,0,0,2,0,1,0
LOC_Os05g10640,0,0,0,0,1,0,0,0
LOC_Os05g10670,0,0,0,0,14,0,6,0
LOC_Os05g10690,0,0,0,0,4,0,0,0
LOC_Os05g10930,0,0,0,0,7,0,0,0
LOC_Os05g11140,12,0,0,0,0,0,0,0
LOC_Os05g11210,0,0,0,0,0,3,0,0
LOC_Os05g11610,0,0,0,0,9,0,2,0
LOC_Os05g11620,0,0,0,0,12,0,6,0
LOC_Os05g11810,0,0,0,0,1,0,0,0
LOC_Os05g11910,0,0,0,0,2,0,0,0
LOC_Os05g12040,0,0,0,0,6,0,3,0
LOC_Os05g13360,0,0,0,0,0,1,0,0
LOC_Os05g13370,1,0,0,0,0,0,0,0
LOC_Os05g15530,0,0,0,0,1,0,0,0
LOC_Os05g16300,0,0,0,0,3,0,0,0
LOC_Os05g16824,0,0,0,0,2,0,0,0
LOC_Os05g21180,0,0,0,0,6,0,0,0
LOC_Os05g22840,5,5,4,1,2,4,1,1
LOC_Os05g23140,28,0,5,0,0,0,0,0
LOC_Os05g23250,11,0,0,0,0,0,0,0
LOC_Os05g23740,11,0,0,0,0,0,0,0
LOC_Os05g24930,3,0,0,0,0,0,0,0
LOC_Os05g25260,0,0,0,0,1,0,0,0
LOC_Os05g25640,0,0,0,0,1,0,0,0
LOC_Os05g25890,0,0,0,0,1,0,0,0
LOC_Os05g25920,0,0,0,0,9,0,1,0
LOC_Os05g26870,0,0,0,0,1,0,0,0
LOC_Os05g29030,0,0,0,0,1,0,0,0
LOC_Os05g29750,0,0,0,0,0,1,0,0
LOC_Os05g29810,0,0,0,0,1,0,0,0
LOC_Os05g29990,0,0,0,0,3,0,0,0
LOC_Os05g30140,6,0,0,0,0,0,0,0
LOC_Os05g30410,11,0,0,0,0,0,0,0
LOC_Os05g30454,5,0,0,0,0,0,0,0
LOC_Os05g30750,2,0,0,0,0,0,0,0
LOC_Os05g31020,3,0,0,0,0,0,0,0
LOC_Os05g31550,0,0,0,0,1,0,0,0
LOC_Os05g31740,0,0,0,0,2,0,0,0
LOC_Os05g32320,0,0,0,0,4,0,1,0
LOC_Os05g33400,0,0,0,0,2,0,0,0
LOC_Os05g33710,5,0,0,0,0,0,0,0
LOC_Os05g33820,7,0,0,0,0,0,0,0
LOC_Os05g33960,0,0,0,0,5,0,1,0
LOC_Os05g34050,3,0,0,0,0,0,0,0
LOC_Os05g34770,1,0,0,0,0,0,0,0
LOC_Os05g34830,0,0,0,0,9,0,1,0
LOC_Os05g35400,3,0,0,0,0,0,0,0
LOC_Os05g35970,11,0,0,0,0,0,0,0
LOC_Os05g36260,0,0,0,0,5,0,4,0
LOC_Os05g37060,0,0,0,0,7,0,0,0
LOC_Os05g37190,0,0,0,0,1,0,1,0
LOC_Os05g37250,0,0,0,0,1,0,1,0
LOC_Os05g37520,0,0,0,0,1,0,0,0
LOC_Os05g37530,0,0,0,0,1,0,0,0
LOC_Os05g37660,0,0,0,0,8,0,2,0
LOC_Os05g37700,0,0,0,0,3,0,0,0
LOC_Os05g38150,0,0,0,0,1,0,0,0
LOC_Os05g38270,6,0,0,7,0,0,0,0
LOC_Os05g38280,19,0,0,0,0,0,0,0
LOC_Os05g38290,0,0,0,0,14,0,2,0
LOC_Os05g38370,2,0,0,0,0,0,0,0
LOC_Os05g38530,17,0,0,0,0,0,0,0
LOC_Os05g38660,0,0,0,0,9,0,1,0
LOC_Os05g38710,7,0,0,0,1,0,0,0
LOC_Os05g38980,0,0,0,0,10,0,2,0
LOC_Os05g39050,0,0,0,0,2,0,0,0
LOC_Os05g39060,0,0,0,0,3,0,1,0
LOC_Os05g39250,1,0,0,0,3,0,0,0
LOC_Os05g39720,0,0,0,0,1,0,0,0
LOC_Os05g39770,0,0,0,0,1,0,4,0
LOC_Os05g39800,0,0,0,0,0,2,0,0
LOC_Os05g39930,0,0,0,0,1,0,0,0
LOC_Os05g39990,0,0,0,0,0,2,0,0
LOC_Os05g40630,0,0,0,0,6,0,0,0
LOC_Os05g40960,0,0,0,0,0,1,0,0
LOC_Os05g41150,0,0,0,0,5,0,1,0
LOC_Os05g41480,0,0,0,0,1,0,0,0
LOC_Os05g41490,0,0,0,0,15,0,2,0
LOC_Os05g41620,0,0,0,0,1,0,0,0
LOC_Os05g41880,13,0,1,0,0,0,0,0
LOC_Os05g42040,0,0,0,0,11,0,3,0
LOC_Os05g42070,0,0,0,0,2,0,0,0
LOC_Os05g42210,0,0,0,0,1,0,0,0
LOC_Os05g42270,0,0,0,0,1,0,0,0
LOC_Os05g42360,0,0,0,0,1,0,0,0
LOC_Os05g43240,0,0,0,0,1,0,0,0
LOC_Os05g43860,0,0,0,0,0,1,0,0
LOC_Os05g43940,0,0,0,0,1,0,0,0
LOC_Os05g44060,0,0,0,0,2,0,1,0
LOC_Os05g44340,32,0,1,0,0,0,0,0
LOC_Os05g44350,3,0,0,0,0,0,0,0
LOC_Os05g44600,0,0,0,0,1,0,0,0
LOC_Os05g44610,0,0,0,0,1,0,0,0
LOC_Os05g44810,0,0,0,0,1,0,0,0
LOC_Os05g44900,0,0,0,0,1,0,0,0
LOC_Os05g44910,1,0,0,0,0,0,0,0
LOC_Os05g45100,0,0,0,0,2,0,1,0
LOC_Os05g45180,0,0,0,0,0,1,0,0
LOC_Os05g45300,0,0,0,0,1,0,0,0
LOC_Os05g45320,0,0,0,0,3,0,0,0
LOC_Os05g45750,8,0,0,0,0,0,0,0
LOC_Os05g45830,11,0,0,0,0,0,0,0
LOC_Os05g45860,0,0,0,0,1,0,0,0
LOC_Os05g46020,0,0,0,0,2,0,1,0
LOC_Os05g46040,0,0,0,0,9,0,0,0
LOC_Os05g46240,0,0,0,0,2,0,0,0
LOC_Os05g46290,24,0,1,0,0,0,0,0
LOC_Os05g46340,0,0,0,0,5,0,0,0
LOC_Os05g46350,0,0,0,0,6,0,1,0
LOC_Os05g46370,0,0,0,0,1,0,0,0
LOC_Os05g46460,0,0,0,0,8,0,0,0
LOC_Os05g46480,1,0,0,0,5,0,1,0
LOC_Os05g46510,0,0,0,0,4,0,0,0
LOC_Os05g46840,0,0,0,0,1,0,0,0
LOC_Os05g47490,0,0,0,0,1,0,0,0
LOC_Os05g47540,0,0,0,0,0,2,0,3
LOC_Os05g47545,0,0,0,0,0,1,0,1
LOC_Os05g47650,0,0,0,0,2,0,2,0
LOC_Os05g47730,0,0,0,0,0,0,1,0
LOC_Os05g48150,0,0,0,0,5,0,0,0
LOC_Os05g48260,0,0,0,0,1,0,0,0
LOC_Os05g48330,0,0,0,0,6,0,1,0
LOC_Os05g48670,2,0,0,0,0,0,0,0
LOC_Os05g48700,0,0,0,0,3,0,0,0
LOC_Os05g48810,10,0,0,0,0,0,0,0
LOC_Os05g49080,2,0,0,0,0,0,0,0
LOC_Os05g49170,0,0,0,0,3,0,0,0
LOC_Os05g49420,0,0,0,0,5,0,1,0
LOC_Os05g49684,0,0,0,0,1,0,0,0
LOC_Os05g49700,0,0,0,0,1,0,0,0
LOC_Os05g49730,0,0,0,0,3,0,1,0
LOC_Os05g49770,0,0,0,0,16,0,3,0
LOC_Os05g49880,0,0,0,0,0,1,0,0
LOC_Os05g49900,0,0,0,0,4,0,0,0
LOC_Os05g50100,0,0,0,0,4,0,0,0
LOC_Os05g50260,0,0,0,0,4,0,0,0
LOC_Os05g50380,0,0,0,0,2,0,1,0
LOC_Os05g50570,0,0,0,0,1,0,0,0
LOC_Os05g50600,0,0,0,0,1,0,0,0
LOC_Os05g50610,0,0,0,0,7,0,1,0
LOC_Os05g51110,9,0,0,0,0,0,0,0
LOC_Os05g51130,0,0,0,0,11,0,2,0
LOC_Os05g51240,0,0,0,0,0,1,0,1
LOC_Os05g51390,0,0,0,0,1,0,0,0
LOC_Os05g51570,0,1,0,0,0,0,0,0
LOC_Os05g51620,0,0,0,0,0,1,0,0
LOC_Os05g51670,1,0,0,0,11,0,1,0
LOC_Os05g51680,0,0,0,0,7,0,1,0
LOC_Os06g01200,7,0,0,0,0,0,0,0
LOC_Os06g01966,0,0,0,0,0,1,0,0
LOC_Os06g02040,0,0,0,0,2,0,1,0
LOC_Os06g02380,2,0,0,0,0,0,0,0
LOC_Os06g02620,11,0,0,0,0,0,0,0
LOC_Os06g02730,0,1,0,0,0,0,0,0
LOC_Os06g02780,0,1,0,0,0,0,0,0
LOC_Os06g03670,0,0,0,0,14,0,3,0
LOC_Os06g03930,0,4,0,7,0,0,0,0
LOC_Os06g03970,0,1,0,0,0,0,0,0
LOC_Os06g04020,6,0,0,0,0,0,0,0
LOC_Os06g04040,2,0,0,0,0,0,0,0
LOC_Os06g04080,0,0,0,0,2,0,0,0
LOC_Os06g04230,0,0,0,0,2,0,1,0
LOC_Os06g04240,13,0,0,0,1,0,1,0
LOC_Os06g04250,0,0,0,0,0,1,0,0
LOC_Os06g04390,10,0,0,0,0,0,0,0
LOC_Os06g04510,0,0,1,0,0,0,0,0
LOC_Os06g04790,0,0,0,0,3,0,0,0
LOC_Os06g04889,0,0,0,0,11,0,5,0
LOC_Os06g04900,0,0,0,0,1,0,0,0
LOC_Os06g04990,0,0,0,0,6,0,0,0
LOC_Os06g05020,0,0,0,0,1,0,0,0
LOC_Os06g05130,0,0,0,0,2,0,0,0
LOC_Os06g05359,0,0,0,0,0,1,0,0
LOC_Os06g05420,0,0,0,0,8,0,0,0
LOC_Os06g05430,0,0,0,0,8,0,4,0
LOC_Os06g05470,1,0,0,0,1,0,0,0
LOC_Os06g05740,17,0,2,0,0,0,0,0
LOC_Os06g06360,0,0,0,0,3,0,0,0
LOC_Os06g06490,9,0,0,0,0,0,0,0
LOC_Os06g07030,0,0,0,0,5,0,0,0
LOC_Os06g07120,0,0,0,0,0,1,0,0
LOC_Os06g07220,0,0,0,0,0,0,1,0
LOC_Os06g07600,1,0,0,0,1,0,0,0
LOC_Os06g08090,0,1,0,0,0,0,0,0
LOC_Os06g09560,27,0,0,0,0,0,0,0
LOC_Os06g09820,15,0,0,0,0,0,0,0
LOC_Os06g09880,1,0,1,0,0,0,0,0
LOC_Os06g10130,0,0,0,0,1,0,0,0
LOC_Os06g10210,0,0,0,0,8,0,2,0
LOC_Os06g10510,0,0,0,0,1,0,0,0
LOC_Os06g10520,0,0,0,0,1,0,1,0
LOC_Os06g10750,0,0,0,0,0,0,1,0
LOC_Os06g10780,0,0,0,0,1,0,0,0
LOC_Os06g10820,0,0,0,0,3,0,1,0
LOC_Os06g10880,0,0,0,0,2,0,0,0
LOC_Os06g11090,0,0,0,0,2,0,0,0
LOC_Os06g11210,0,0,0,0,2,0,0,0
LOC_Os06g11290,0,0,0,0,1,0,0,0
LOC_Os06g11440,14,0,0,0,0,0,0,0
LOC_Os06g11600,0,0,0,0,0,0,1,0
LOC_Os06g11610,18,0,0,0,0,0,0,0
LOC_Os06g11660,0,0,0,0,1,0,0,0
LOC_Os06g11980,0,0,0,0,13,0,5,0
LOC_Os06g12370,27,0,2,0,0,0,0,0
LOC_Os06g12530,12,0,0,0,0,0,0,0
LOC_Os06g12660,0,0,0,0,0,1,0,0
LOC_Os06g12940,8,0,0,0,0,0,0,0
LOC_Os06g13560,0,1,0,0,0,0,0,0
LOC_Os06g13580,11,0,0,0,0,0,0,0
LOC_Os06g13720,0,0,0,0,3,0,1,0
LOC_Os06g13870,0,0,0,0,1,0,0,0
LOC_Os06g14240,25,0,1,0,0,0,0,0
LOC_Os06g14670,0,0,0,0,8,0,0,0
LOC_Os06g15390,1,0,0,0,0,0,0,0
LOC_Os06g15810,9,0,0,0,0,0,0,0
LOC_Os06g15820,2,0,0,0,0,0,0,0
LOC_Os06g16370,0,0,0,0,1,0,0,0
LOC_Os06g16640,0,20,0,6,0,0,0,0
LOC_Os06g17970,0,0,0,0,0,1,0,0
LOC_Os06g18670,0,0,0,0,0,0,0,1
LOC_Os06g19530,0,0,0,0,0,1,0,0
LOC_Os06g19630,0,0,0,0,9,0,2,0
LOC_Os06g19690,0,0,0,0,1,0,0,0
LOC_Os06g20920,0,1,0,0,0,0,0,0
LOC_Os06g21110,0,2,0,0,0,0,0,0
LOC_Os06g21330,7,0,0,0,0,0,0,0
LOC_Os06g22030,2,0,0,0,0,0,0,0
LOC_Os06g23350,0,0,0,0,2,0,0,0
LOC_Os06g24990,1,0,0,0,6,0,2,0
LOC_Os06g25010,0,0,0,0,5,0,1,0
LOC_Os06g25800,0,0,0,0,1,0,0,0
LOC_Os06g27860,0,0,0,0,0,1,0,1
LOC_Os06g28630,0,1,0,0,0,0,0,0
LOC_Os06g29260,0,0,0,0,0,0,0,1
LOC_Os06g29790,0,0,0,0,0,1,0,0
LOC_Os06g30370,0,0,0,0,11,0,7,0
LOC_Os06g30970,8,0,0,0,0,0,0,0
LOC_Os06g33200,1,0,0,0,0,0,0,0
LOC_Os06g33970,0,0,0,0,1,0,0,0
LOC_Os06g34830,0,0,0,0,1,0,0,0
LOC_Os06g35630,0,1,0,0,0,0,0,0
LOC_Os06g35960,0,0,0,0,7,0,0,0
LOC_Os06g36450,0,0,0,0,0,1,0,0
LOC_Os06g36930,15,0,0,0,0,0,0,0
LOC_Os06g36940,12,0,0,0,0,0,0,0
LOC_Os06g37140,1,0,0,0,0,0,0,0
LOC_Os06g37150,0,0,0,0,0,0,3,0
LOC_Os06g38490,0,0,0,0,1,0,0,0
LOC_Os06g38670,0,0,0,0,1,0,0,0
LOC_Os06g39240,15,0,0,0,0,0,0,0
LOC_Os06g39260,16,0,0,0,0,0,0,0
LOC_Os06g40030,0,0,0,0,1,0,0,0
LOC_Os06g40170,0,0,0,0,2,0,1,0
LOC_Os06g40500,0,0,0,0,0,0,0,1
LOC_Os06g40570,0,0,0,0,1,0,0,0
LOC_Os06g40818,0,1,0,0,0,1,0,0
LOC_Os06g41450,0,0,0,0,0,1,0,0
LOC_Os06g41670,0,0,0,0,1,0,0,0
LOC_Os06g41770,5,0,0,0,0,0,0,0
LOC_Os06g42120,0,0,0,0,1,0,0,0
LOC_Os06g43020,0,0,0,0,6,0,0,0
LOC_Os06g43080,0,0,0,0,1,0,0,0
LOC_Os06g43090,0,0,0,0,3,0,0,0
LOC_Os06g43430,0,0,0,0,0,1,0,0
LOC_Os06g43510,0,0,0,0,0,1,0,0
LOC_Os06g43600,0,0,0,0,1,0,2,0
LOC_Os06g44010,0,0,0,0,2,0,1,0
LOC_Os06g44260,0,0,0,0,1,0,0,0
LOC_Os06g44610,0,0,0,0,0,1,0,0
LOC_Os06g45184,1,0,0,0,3,0,0,0
LOC_Os06g45540,1,0,0,0,0,0,0,0
LOC_Os06g45570,0,0,0,0,3,0,0,0
LOC_Os06g45710,51,0,12,0,1,0,1,0
LOC_Os06g45850,1,0,0,0,0,0,0,0
LOC_Os06g45880,0,0,0,0,1,0,0,0
LOC_Os06g45990,0,0,0,0,2,0,0,0
LOC_Os06g46060,1,0,0,0,0,0,0,0
LOC_Os06g46740,1,0,0,0,7,0,2,0
LOC_Os06g46880,4,0,0,0,0,0,0,0
LOC_Os06g46900,27,0,0,0,0,0,0,0
LOC_Os06g46920,0,0,0,0,8,0,3,0
LOC_Os06g46950,0,0,0,0,4,0,0,0
LOC_Os06g47310,0,0,0,0,0,2,0,0
LOC_Os06g47620,0,0,0,0,2,0,0,0
LOC_Os06g47910,7,0,0,0,0,0,0,0
LOC_Os06g47930,0,3,0,0,0,0,0,0
LOC_Os06g48030,0,0,0,0,2,0,2,0
LOC_Os06g48040,0,0,0,0,1,0,0,0
LOC_Os06g48160,0,0,0,0,3,0,6,0
LOC_Os06g48210,2,0,0,0,0,0,0,0
LOC_Os06g48300,0,0,0,0,10,0,2,0
LOC_Os06g48810,0,0,0,0,0,0,2,0
LOC_Os06g48950,0,0,0,0,1,0,0,0
LOC_Os06g49000,1,0,0,0,0,0,0,0
LOC_Os06g49030,12,0,0,0,0,0,0,0
LOC_Os06g49190,0,0,0,0,1,0,2,0
LOC_Os06g49430,0,0,0,0,7,0,1,0
LOC_Os06g49520,0,0,0,0,0,1,0,0
LOC_Os06g49640,0,0,0,0,1,0,0,0
LOC_Os06g49890,0,0,0,0,2,0,0,0
LOC_Os06g50080,6,0,0,0,0,0,0,0
LOC_Os06g50300,25,0,0,0,0,0,0,0
LOC_Os06g50900,0,0,0,0,1,0,0,0
LOC_Os06g50950,0,0,0,0,6,0,3,0
LOC_Os06g51100,12,0,0,0,0,0,0,0
LOC_Os06g51260,3,0,0,1,0,0,0,0
LOC_Os06g51370,0,0,0,0,2,0,0,0
LOC_Os07g01340,0,0,0,0,5,0,0,0
LOC_Os07g01810,0,0,0,0,2,0,0,0
LOC_Os07g02460,0,0,0,0,1,0,1,0
LOC_Os07g03020,0,0,0,0,1,0,0,0
LOC_Os07g03050,0,0,0,0,1,0,0,0
LOC_Os07g03120,0,0,0,0,8,0,5,0
LOC_Os07g04040,0,0,0,0,1,0,0,0
LOC_Os07g05365,0,0,0,0,10,0,6,0
LOC_Os07g05370,0,0,0,0,8,0,4,0
LOC_Os07g05620,0,0,0,0,1,0,0,0
LOC_Os07g05940,0,0,0,0,17,0,4,0
LOC_Os07g06470,0,0,0,0,0,1,0,0
LOC_Os07g06850,0,0,0,0,1,0,0,0
LOC_Os07g07040,0,0,0,0,5,0,2,0
LOC_Os07g07320,0,0,1,0,0,0,0,0
LOC_Os07g07410,0,0,0,0,4,0,1,0
LOC_Os07g07550,5,0,0,0,0,0,0,0
LOC_Os07g07900,0,0,0,0,0,2,0,0
LOC_Os07g07974,0,0,0,0,10,0,3,0
LOC_Os07g07990,0,0,0,0,2,0,0,0
LOC_Os07g08140,0,0,0,0,4,0,0,0
LOC_Os07g08150,0,0,0,1,0,0,0,0
LOC_Os07g08240,1,0,0,0,0,0,0,0
LOC_Os07g08320,0,0,0,0,1,0,1,0
LOC_Os07g08729,8,0,0,0,0,0,0,0
LOC_Os07g08840,1,0,0,0,0,0,0,0
LOC_Os07g09050,0,0,0,0,8,0,2,0
LOC_Os07g09190,0,1,0,0,1,0,0,0
LOC_Os07g09420,0,0,0,0,4,0,0,0
LOC_Os07g09670,4,0,0,0,3,0,1,0
LOC_Os07g09680,0,0,0,0,1,0,0,0
LOC_Os07g09950,1,0,0,0,0,0,0,0
LOC_Os07g10500,11,0,0,0,0,0,0,0
LOC_Os07g10840,0,0,0,0,3,0,1,0
LOC_Os07g10850,3,0,0,0,0,0,0,0
LOC_Os07g11300,1,0,0,0,0,0,0,0
LOC_Os07g12810,2,0,0,0,0,0,0,0
LOC_Os07g13770,0,0,0,0,0,1,0,0
LOC_Os07g14150,0,0,0,0,8,0,3,0
LOC_Os07g14270,13,0,1,0,0,0,0,0
LOC_Os07g14310,3,0,0,0,0,0,0,0
LOC_Os07g14850,0,0,0,0,1,0,0,0
LOC_Os07g16364,6,0,0,0,0,0,0,0
LOC_Os07g16970,0,0,0,0,3,0,0,0
LOC_Os07g17330,0,0,0,0,2,0,0,0
LOC_Os07g18990,0,0,0,0,0,0,3,0
LOC_Os07g19030,2,0,0,0,0,0,0,0
LOC_Os07g23540,0,0,0,0,1,0,0,0
LOC_Os07g23570,2,0,0,0,1,0,0,0
LOC_Os07g24000,0,0,0,0,6,0,0,0
LOC_Os07g24230,4,0,0,0,0,0,0,0
LOC_Os07g25540,1,0,0,0,0,0,0,0
LOC_Os07g25700,0,0,0,0,7,0,1,0
LOC_Os07g26630,1,0,0,0,0,0,0,0
LOC_Os07g26940,8,0,0,0,0,0,0,0
LOC_Os07g27880,0,0,0,0,0,2,0,5
LOC_Os07g28920,0,0,0,0,1,0,0,0
LOC_Os07g29794,4,0,0,0,0,0,0,0
LOC_Os07g30150,0,0,0,0,0,1,0,0
LOC_Os07g30620,0,0,0,0,0,1,0,0
LOC_Os07g30950,0,0,0,0,0,1,0,0
LOC_Os07g31540,7,0,0,0,0,0,0,0
LOC_Os07g32170,0,1,0,0,0,0,0,0
LOC_Os07g32560,0,0,0,0,0,1,0,0
LOC_Os07g33050,3,0,0,0,0,0,0,0
LOC_Os07g33280,0,0,0,0,7,0,0,0
LOC_Os07g33350,0,0,0,0,0,1,0,0
LOC_Os07g34280,0,0,0,0,1,0,0,0
LOC_Os07g34390,0,0,0,0,1,0,0,0
LOC_Os07g34520,1,0,0,0,1,0,0,0
LOC_Os07g34570,1,0,1,0,0,0,0,0
LOC_Os07g35140,0,0,0,0,1,0,0,0
LOC_Os07g35330,0,1,0,0,0,0,0,0
LOC_Os07g35340,0,0,0,0,1,0,0,0
LOC_Os07g35600,2,0,0,0,0,0,0,0
LOC_Os07g36170,0,0,0,0,2,0,0,0
LOC_Os07g36400,0,0,0,0,2,0,0,0
LOC_Os07g36430,0,0,0,0,2,0,0,0
LOC_Os07g36490,26,0,0,0,0,0,0,0
LOC_Os07g36544,0,0,0,0,3,0,0,0
LOC_Os07g37210,0,0,0,0,3,0,0,0
LOC_Os07g37320,0,0,0,0,6,0,1,0
LOC_Os07g37400,5,0,0,0,8,0,1,0
LOC_Os07g37610,0,0,0,0,2,0,3,0
LOC_Os07g37620,0,0,0,0,8,0,1,0
LOC_Os07g37730,0,0,0,0,3,0,0,0
LOC_Os07g37920,0,0,0,0,1,0,0,0
LOC_Os07g38130,0,0,0,0,11,0,11,0
LOC_Os07g38170,0,0,0,0,8,0,1,0
LOC_Os07g38290,0,0,0,0,1,0,1,0
LOC_Os07g38570,0,0,0,0,1,0,0,0
LOC_Os07g38790,0,0,0,0,0,0,0,1
LOC_Os07g38840,0,0,0,0,2,0,0,0
LOC_Os07g39210,0,0,0,0,1,0,0,0
LOC_Os07g39280,0,0,0,0,3,0,1,0
LOC_Os07g39460,0,0,0,0,1,0,0,0
LOC_Os07g39520,0,0,0,0,2,0,0,0
LOC_Os07g39880,0,0,0,0,3,0,0,0
LOC_Os07g40240,0,0,0,0,4,0,0,0
LOC_Os07g40290,0,0,0,0,3,0,0,0
LOC_Os07g40630,0,0,0,0,1,0,0,0
LOC_Os07g41160,0,0,0,0,12,0,0,0
LOC_Os07g41200,0,0,0,0,1,0,0,0
LOC_Os07g41310,0,0,0,0,2,0,1,0
LOC_Os07g41370,0,0,0,0,2,0,0,0
LOC_Os07g41600,0,0,0,0,1,0,0,0
LOC_Os07g42220,0,0,0,0,2,0,0,0
LOC_Os07g42260,0,0,0,0,1,0,0,0
LOC_Os07g42280,0,0,0,0,15,0,3,0
LOC_Os07g42324,0,0,0,0,0,1,0,0
LOC_Os07g42380,6,0,0,0,0,0,0,0
LOC_Os07g42490,0,0,0,0,1,0,0,0
LOC_Os07g42626,0,0,0,0,6,0,6,0
LOC_Os07g42910,0,0,0,0,0,0,1,0
LOC_Os07g43350,0,0,0,0,1,0,0,0
LOC_Os07g43370,0,0,0,0,0,1,0,0
LOC_Os07g43470,2,0,0,0,0,0,0,0
LOC_Os07g43570,0,0,1,0,0,0,0,0
LOC_Os07g43604,1,0,0,0,0,0,0,0
LOC_Os07g43740,7,0,0,0,0,0,0,0
LOC_Os07g43820,0,0,0,0,1,0,0,0
LOC_Os07g43950,7,0,0,0,2,0,1,0
LOC_Os07g43970,0,0,0,0,3,0,1,0
LOC_Os07g44140,0,0,0,0,2,0,0,0
LOC_Os07g44170,0,0,0,0,1,0,0,0
LOC_Os07g44180,0,0,0,0,2,0,0,0
LOC_Os07g44740,15,0,0,0,0,0,0,0
LOC_Os07g44850,0,0,0,0,2,0,0,0
LOC_Os07g44950,8,0,0,0,0,0,0,0
LOC_Os07g45120,0,0,0,0,1,0,0,0
LOC_Os07g45260,0,0,0,0,2,0,0,0
LOC_Os07g45330,10,0,0,0,0,0,0,0
LOC_Os07g45410,0,0,0,0,1,0,0,0
LOC_Os07g46640,3,0,0,0,0,0,0,0
LOC_Os07g46670,0,0,0,0,3,0,1,0
LOC_Os07g47100,0,0,0,0,10,0,2,0
LOC_Os07g47140,0,0,0,0,0,2,0,0
LOC_Os07g47480,0,0,0,0,0,1,0,0
LOC_Os07g47510,4,0,0,0,0,0,0,0
LOC_Os07g47670,0,0,0,0,5,0,1,0
LOC_Os07g47840,15,0,0,0,0,0,0,0
LOC_Os07g47960,0,0,0,0,3,0,0,0
LOC_Os07g48100,0,0,0,0,2,0,1,0
LOC_Os07g48160,2,0,0,0,0,0,0,0
LOC_Os07g48320,0,0,0,0,1,0,0,0
LOC_Os07g48450,0,0,0,0,3,0,0,0
LOC_Os07g48500,1,0,0,0,0,0,0,0
LOC_Os07g48550,0,0,0,0,12,0,7,0
LOC_Os07g48596,0,0,0,0,0,1,0,0
LOC_Os07g48620,0,0,0,0,1,0,0,0
LOC_Os07g48630,0,0,0,0,6,0,0,0
LOC_Os07g48710,0,0,0,0,7,0,1,0
LOC_Os07g48760,0,0,0,0,1,0,0,0
LOC_Os07g48830,0,0,0,0,15,0,1,0
LOC_Os07g48890,5,0,0,0,0,0,0,0
LOC_Os07g49114,0,0,0,0,10,0,6,0
LOC_Os07g49310,0,2,0,0,0,1,0,3
LOC_Os07g49390,1,0,0,0,0,0,0,0
LOC_Os07g49470,7,0,0,0,0,0,0,0
LOC_Os08g01370,1,0,0,0,0,0,0,0
LOC_Os08g01910,0,0,0,0,11,0,2,0
LOC_Os08g01940,0,1,0,0,0,0,0,0
LOC_Os08g02030,0,0,0,0,2,0,0,0
LOC_Os08g02450,2,0,0,0,0,0,0,0
LOC_Os08g02460,9,0,0,0,0,0,0,0
LOC_Os08g02540,1,0,0,0,0,0,0,0
LOC_Os08g03350,0,0,0,0,1,0,0,0
LOC_Os08g03520,0,0,1,0,0,0,0,0
LOC_Os08g03630,0,0,0,0,0,2,0,1
LOC_Os08g04110,0,0,0,0,1,0,0,0
LOC_Os08g04210,1,0,0,0,0,0,0,0
LOC_Os08g04560,0,0,0,0,1,0,0,0
LOC_Os08g04630,0,0,0,0,8,0,1,0
LOC_Os08g05480,0,0,0,0,1,0,0,0
LOC_Os08g05620,0,0,0,0,0,1,0,0
LOC_Os08g05800,0,0,0,0,1,0,0,0
LOC_Os08g05910,0,0,0,0,1,0,1,0
LOC_Os08g06110,0,4,0,2,0,0,0,1
LOC_Os08g06170,0,0,0,0,1,0,0,0
LOC_Os08g07100,0,1,1,0,0,0,0,0
LOC_Os08g07690,0,0,0,0,0,0,1,0
LOC_Os08g07740,0,0,0,0,0,1,0,0
LOC_Os08g07950,0,0,0,0,1,0,0,0
LOC_Os08g08440,0,0,0,0,5,0,2,0
LOC_Os08g09690,9,0,0,0,0,0,0,0
LOC_Os08g09700,0,0,0,0,1,0,0,0
LOC_Os08g10500,0,0,0,0,8,0,2,0
LOC_Os08g14850,0,0,0,0,1,0,0,0
LOC_Os08g15204,9,0,0,0,0,0,0,0
LOC_Os08g15650,0,0,0,0,2,0,0,0
LOC_Os08g15920,1,0,0,0,0,0,0,0
LOC_Os08g16260,0,1,0,0,0,0,0,0
LOC_Os08g16790,0,0,0,0,7,0,1,0
LOC_Os08g16810,0,0,0,0,0,1,0,0
LOC_Os08g17160,0,0,0,0,1,0,0,0
LOC_Os08g17500,0,0,0,0,1,0,0,0
LOC_Os08g17680,27,0,1,0,0,0,0,0
LOC_Os08g22330,4,0,0,0,0,0,0,0
LOC_Os08g23150,0,0,0,0,1,0,0,0
LOC_Os08g23410,2,0,0,0,0,0,0,0
LOC_Os08g23754,5,0,0,0,0,0,0,0
LOC_Os08g23870,0,0,0,0,12,0,3,0
LOC_Os08g24310,0,0,0,0,3,0,2,0
LOC_Os08g25090,8,0,0,0,0,0,0,0
LOC_Os08g25140,0,0,0,0,4,0,2,0
LOC_Os08g25624,1,0,1,0,0,0,0,0
LOC_Os08g25690,37,0,4,0,0,0,0,0
LOC_Os08g25880,1,0,0,0,0,0,0,0
LOC_Os08g27040,6,0,0,0,0,0,0,0
LOC_Os08g28710,0,0,0,0,3,0,2,0
LOC_Os08g29530,5,0,0,0,0,0,0,0
LOC_Os08g29570,0,0,0,0,4,0,1,0
LOC_Os08g29600,0,0,0,0,3,0,0,0
LOC_Os08g29809,0,0,0,0,1,0,2,0
LOC_Os08g30520,0,0,0,0,2,0,0,0
LOC_Os08g30820,5,0,0,0,0,0,0,0
LOC_Os08g31580,0,0,0,0,12,0,0,0
LOC_Os08g31760,0,0,0,0,1,0,0,0
LOC_Os08g31850,0,0,0,0,2,0,0,0
LOC_Os08g32060,0,0,0,0,6,0,2,0
LOC_Os08g32520,0,0,0,0,1,0,1,0
LOC_Os08g32910,0,0,0,0,0,0,0,1
LOC_Os08g32930,1,0,1,0,0,0,0,0
LOC_Os08g32960,1,0,0,0,14,0,4,0
LOC_Os08g32980,0,0,0,0,5,0,1,0
LOC_Os08g33640,7,0,0,0,0,0,0,0
LOC_Os08g33710,0,0,0,0,3,0,1,0
LOC_Os08g33810,0,0,0,0,1,0,0,0
LOC_Os08g34190,6,0,0,0,0,0,0,0
LOC_Os08g34240,0,0,0,0,7,0,2,0
LOC_Os08g34500,6,0,0,0,0,0,0,0
LOC_Os08g34580,0,0,0,0,1,0,0,0
LOC_Os08g34700,0,0,0,0,0,1,0,0
LOC_Os08g34740,12,0,0,0,0,0,0,0
LOC_Os08g34790,0,0,0,0,1,0,0,0
LOC_Os08g34890,0,0,0,0,2,0,0,0
LOC_Os08g34984,0,0,0,0,0,1,0,0
LOC_Os08g35160,0,0,0,0,0,5,0,5
LOC_Os08g35420,0,1,0,0,0,0,0,0
LOC_Os08g35470,0,0,0,0,1,0,0,0
LOC_Os08g35600,0,0,0,0,1,0,0,0
LOC_Os08g36150,12,0,0,0,0,0,0,0
LOC_Os08g36790,0,0,0,0,3,0,0,0
LOC_Os08g36860,0,0,0,0,1,0,0,0
LOC_Os08g36910,1,0,0,0,0,0,0,0
LOC_Os08g36920,0,0,0,0,1,0,2,0
LOC_Os08g37104,0,0,0,0,5,0,0,0
LOC_Os08g37115,0,0,0,0,2,0,0,0
LOC_Os08g37660,0,0,0,0,3,0,1,0
LOC_Os08g37670,0,0,0,0,2,0,0,0
LOC_Os08g37690,0,0,0,0,1,0,0,0
LOC_Os08g37874,0,0,0,0,6,0,3,0
LOC_Os08g38086,1,0,0,0,0,0,0,0
LOC_Os08g38210,0,0,0,0,4,0,2,0
LOC_Os08g38460,0,0,0,0,5,0,1,0
LOC_Os08g38890,0,0,0,0,1,0,0,0
LOC_Os08g38910,0,0,0,0,1,0,2,0
LOC_Os08g38970,0,0,0,0,1,0,0,0
LOC_Os08g39140,12,0,0,2,0,0,0,0
LOC_Os08g39150,7,0,0,0,0,0,0,0
LOC_Os08g39560,16,0,0,0,0,0,0,0
LOC_Os08g39840,0,0,0,0,1,0,0,0
LOC_Os08g40270,0,0,0,0,2,0,0,0
LOC_Os08g40680,1,0,0,0,0,0,0,0
LOC_Os08g40690,1,0,0,0,0,0,0,0
LOC_Os08g40850,0,0,0,0,2,0,1,0
LOC_Os08g40910,7,0,0,0,0,0,0,0
LOC_Os08g41070,1,0,0,0,0,0,0,0
LOC_Os08g41390,11,0,0,6,0,0,0,0
LOC_Os08g41550,0,0,0,0,1,0,0,0
LOC_Os08g41630,0,0,0,0,1,0,0,0
LOC_Os08g41820,0,0,0,0,0,1,0,0
LOC_Os08g42470,0,0,0,0,3,0,0,0
LOC_Os08g42530,0,0,0,0,0,2,0,0
LOC_Os08g42750,0,0,0,0,1,0,0,0
LOC_Os08g42960,0,0,0,0,5,0,1,0
LOC_Os08g43180,0,0,0,0,1,0,0,0
LOC_Os08g43210,0,0,0,0,1,0,0,0
LOC_Os08g43300,15,0,0,0,0,0,0,0
LOC_Os08g43334,9,0,0,0,0,0,0,0
LOC_Os08g43390,0,0,0,0,0,1,0,0
LOC_Os08g43440,0,0,0,0,0,1,0,0
LOC_Os08g43620,5,0,0,0,1,0,0,0
LOC_Os08g44015,3,0,0,0,0,0,0,0
LOC_Os08g44330,8,0,0,0,0,0,0,0
LOC_Os08g44340,0,0,0,0,6,0,1,0
LOC_Os08g44360,1,0,2,0,0,0,0,0
LOC_Os09g01960,0,0,0,0,2,0,0,0
LOC_Os09g02180,1,0,0,0,1,0,0,0
LOC_Os09g02710,0,0,0,0,1,0,0,0
LOC_Os09g04160,0,0,0,0,2,0,0,0
LOC_Os09g06634,1,0,0,0,0,0,0,0
LOC_Os09g08130,0,0,0,0,2,0,0,0
LOC_Os09g09930,0,0,0,0,1,0,0,0
LOC_Os09g10204,3,0,0,0,0,0,0,0
LOC_Os09g10340,0,3,0,0,0,0,0,0
LOC_Os09g10690,0,0,0,0,0,1,0,0
LOC_Os09g11005,1,0,0,0,0,0,0,0
LOC_Os09g11250,7,0,0,0,0,0,0,0
LOC_Os09g14670,15,0,0,0,0,0,0,0
LOC_Os09g15420,0,0,0,0,2,0,0,0
LOC_Os09g15670,0,0,0,0,15,0,2,0
LOC_Os09g16000,0,0,0,0,1,0,0,0
LOC_Os09g16330,0,0,0,0,2,0,1,0
LOC_Os09g16760,1,0,0,0,0,0,0,0
LOC_Os09g17152,0,0,0,0,0,0,1,0
LOC_Os09g17560,0,1,0,1,0,0,0,0
LOC_Os09g19890,0,0,0,0,1,0,0,0
LOC_Os09g20000,0,0,0,0,2,0,1,0
LOC_Os09g20480,0,0,0,0,5,0,0,0
LOC_Os09g20940,0,0,0,0,1,0,0,0
LOC_Os09g21120,0,0,0,0,16,0,3,0
LOC_Os09g21180,0,0,0,0,11,0,3,0
LOC_Os09g21710,1,0,0,0,0,0,0,0
LOC_Os09g23150,0,0,0,0,1,0,0,0
LOC_Os09g23350,0,0,0,0,3,0,1,0
LOC_Os09g23595,1,0,0,0,5,0,0,0
LOC_Os09g23620,0,0,0,0,2,0,0,0
LOC_Os09g24840,0,0,0,0,1,0,0,0
LOC_Os09g24850,1,0,0,0,0,0,0,0
LOC_Os09g24900,0,0,0,0,1,0,0,0
LOC_Os09g24970,0,0,0,0,1,0,0,0
LOC_Os09g25060,1,0,0,0,0,0,0,0
LOC_Os09g25090,0,0,0,0,7,0,3,0
LOC_Os09g25314,1,0,0,0,0,0,0,0
LOC_Os09g25690,4,0,0,0,5,0,4,0
LOC_Os09g25770,0,0,0,0,1,0,0,0
LOC_Os09g26200,1,0,0,0,0,0,0,0
LOC_Os09g26300,0,0,0,0,1,0,0,0
LOC_Os09g26570,0,0,0,1,0,0,0,0
LOC_Os09g26670,0,0,0,0,0,2,0,0
LOC_Os09g26880,0,0,0,0,3,0,2,0
LOC_Os09g26920,0,0,0,0,7,0,4,0
LOC_Os09g26970,0,0,0,0,1,0,0,0
LOC_Os09g27010,0,0,0,0,18,0,3,0
LOC_Os09g27260,4,0,0,0,0,0,0,0
LOC_Os09g27330,0,0,0,0,4,0,0,0
LOC_Os09g27670,2,0,0,0,0,0,0,0
LOC_Os09g27680,1,0,0,0,0,0,0,0
LOC_Os09g27830,21,0,0,0,0,0,0,0
LOC_Os09g27950,0,0,0,0,3,0,0,0
LOC_Os09g28000,0,0,0,0,1,0,0,0
LOC_Os09g28160,0,0,0,0,2,0,0,0
LOC_Os09g28180,0,0,0,0,2,0,0,0
LOC_Os09g28210,0,0,0,0,7,0,0,0
LOC_Os09g28300,0,0,0,0,1,0,0,0
LOC_Os09g28354,3,0,0,0,0,0,0,0
LOC_Os09g28750,1,0,0,0,0,0,0,0
LOC_Os09g28760,6,0,0,0,0,0,0,0
LOC_Os09g28910,0,0,0,0,1,0,1,0
LOC_Os09g29130,0,0,0,0,0,0,0,1
LOC_Os09g29584,0,0,0,0,1,0,0,0
LOC_Os09g29820,0,0,0,0,0,1,0,0
LOC_Os09g29840,17,0,0,0,0,0,0,0
LOC_Os09g29940,0,0,0,0,1,0,0,0
LOC_Os09g30160,0,0,0,0,6,0,0,0
LOC_Os09g30250,0,0,0,0,2,0,0,0
LOC_Os09g30412,7,0,0,0,0,0,0,0
LOC_Os09g30490,0,0,0,0,1,0,0,0
LOC_Os09g31120,0,0,0,0,4,0,0,0
LOC_Os09g31200,0,0,0,0,9,0,0,0
LOC_Os09g31482,1,0,0,2,0,0,0,0
LOC_Os09g31486,10,0,0,0,0,0,0,0
LOC_Os09g32095,3,0,0,0,0,0,0,0
LOC_Os09g32964,0,1,0,0,0,0,0,0
LOC_Os09g33460,0,0,0,0,0,1,0,0
LOC_Os09g33530,0,0,0,0,0,0,1,0
LOC_Os09g33555,0,0,0,0,0,0,0,1
LOC_Os09g33780,7,0,0,0,0,0,0,0
LOC_Os09g33800,12,0,0,0,0,0,0,0
LOC_Os09g33820,3,0,0,0,0,0,0,0
LOC_Os09g33900,1,0,0,0,0,0,0,0
LOC_Os09g34230,0,0,0,0,2,0,0,0
LOC_Os09g34890,0,0,0,0,0,2,0,0
LOC_Os09g35790,12,0,0,0,0,0,0,0
LOC_Os09g35940,0,0,0,0,0,1,0,0
LOC_Os09g36200,0,0,0,0,8,0,1,0
LOC_Os09g36580,0,0,0,0,0,1,0,0
LOC_Os09g36730,0,0,0,0,0,1,0,0
LOC_Os09g36790,0,0,0,0,7,0,1,0
LOC_Os09g37910,0,31,0,0,0,0,0,0
LOC_Os09g38020,1,0,0,0,0,0,0,0
LOC_Os09g38090,0,0,0,0,0,1,0,0
LOC_Os09g38130,0,0,0,0,2,0,0,0
LOC_Os09g38310,0,0,0,0,1,0,0,0
LOC_Os09g38320,0,0,0,0,16,0,8,0
LOC_Os09g38370,1,0,0,0,0,0,0,0
LOC_Os09g38620,28,0,0,0,0,0,0,0
LOC_Os09g38850,0,0,0,0,1,0,0,0
LOC_Os09g38910,0,0,0,0,1,0,0,0
LOC_Os09g39020,2,0,0,0,0,0,0,0
LOC_Os09g39910,0,0,0,0,7,0,1,0
LOC_Os09g39940,0,0,0,0,1,0,0,0
LOC_Os09g39960,0,0,0,0,1,0,0,0
LOC_Os10g01080,0,0,0,0,0,1,0,0
LOC_Os10g01470,0,0,0,0,1,0,0,0
LOC_Os10g02340,0,0,0,0,0,1,0,0
LOC_Os10g02880,0,1,0,1,0,0,0,0
LOC_Os10g03100,1,0,0,0,0,0,0,0
LOC_Os10g04060,0,0,0,0,1,0,0,0
LOC_Os10g04074,0,0,0,0,1,0,0,0
LOC_Os10g04290,0,1,0,0,0,0,0,0
LOC_Os10g04450,0,0,0,0,1,0,0,0
LOC_Os10g05400,0,0,0,0,1,0,0,0
LOC_Os10g05490,0,1,0,0,0,0,0,2
LOC_Os10g05780,0,0,0,0,0,3,0,1
LOC_Os10g09240,5,0,0,0,2,0,0,0
LOC_Os10g09500,1,0,0,0,2,0,0,0
LOC_Os10g09850,1,0,0,0,0,0,0,0
LOC_Os10g11340,2,0,0,0,0,0,0,0
LOC_Os10g11889,0,0,0,1,0,0,0,0
LOC_Os10g11980,0,0,0,0,1,0,0,0
LOC_Os10g13970,0,0,0,0,1,0,0,0
LOC_Os10g14920,0,0,0,1,0,0,0,0
LOC_Os10g17260,1,0,0,0,0,0,0,0
LOC_Os10g17489,0,0,0,0,2,0,0,0
LOC_Os10g18370,0,0,0,1,0,0,0,0
LOC_Os10g20470,0,0,0,0,1,0,0,0
LOC_Os10g21192,1,2,0,0,0,2,1,0
LOC_Os10g21590,1,0,0,0,0,0,0,0
LOC_Os10g22050,0,0,0,0,9,0,4,0
LOC_Os10g22520,0,0,0,0,1,0,1,0
LOC_Os10g23050,0,0,0,0,2,0,0,0
LOC_Os10g24230,0,0,0,0,1,0,0,0
LOC_Os10g25010,0,0,0,0,1,0,0,0
LOC_Os10g25230,0,0,0,0,1,0,2,0
LOC_Os10g25290,0,0,0,0,5,0,2,0
LOC_Os10g25400,0,0,0,0,2,0,1,0
LOC_Os10g25450,1,0,0,0,0,0,0,0
LOC_Os10g26150,0,0,0,0,4,0,1,0
LOC_Os10g26940,0,0,0,0,0,0,1,0
LOC_Os10g27090,1,0,0,0,0,0,0,0
LOC_Os10g27330,1,0,0,0,0,0,0,0
LOC_Os10g28000,0,0,0,0,1,0,0,0
LOC_Os10g28040,5,0,0,0,0,0,0,0
LOC_Os10g28340,13,0,0,0,0,0,0,0
LOC_Os10g28440,3,0,0,0,0,0,0,0
LOC_Os10g28680,0,0,0,0,1,0,0,0
LOC_Os10g28970,1,0,0,0,0,0,0,0
LOC_Os10g29220,2,0,0,0,0,0,0,0
LOC_Os10g29514,1,0,0,0,0,0,0,0
LOC_Os10g30450,6,0,0,0,0,0,0,0
LOC_Os10g31330,1,0,0,0,0,0,0,0
LOC_Os10g31950,0,0,0,0,4,0,0,0
LOC_Os10g31990,0,0,0,0,1,0,0,0
LOC_Os10g32030,0,0,0,0,2,0,0,0
LOC_Os10g32550,17,0,0,0,0,0,0,0
LOC_Os10g32680,1,0,0,0,0,0,0,0
LOC_Os10g32810,0,0,0,0,12,0,5,0
LOC_Os10g32840,0,0,0,0,2,0,1,0
LOC_Os10g33040,0,0,0,0,2,0,1,0
LOC_Os10g33450,0,0,0,0,1,0,0,0
LOC_Os10g33900,0,0,0,0,0,1,0,0
LOC_Os10g34230,0,0,0,0,0,2,0,0
LOC_Os10g34520,4,0,0,0,0,0,0,0
LOC_Os10g35050,1,0,0,0,0,0,0,0
LOC_Os10g35070,0,0,0,0,10,0,3,0
LOC_Os10g35370,1,0,0,0,0,0,0,0
LOC_Os10g35460,0,0,0,0,0,0,1,0
LOC_Os10g35670,1,0,0,0,0,0,0,0
LOC_Os10g35770,0,0,0,0,2,0,0,0
LOC_Os10g36180,0,0,0,0,9,0,3,0
LOC_Os10g36360,0,0,0,0,2,0,1,0
LOC_Os10g36500,0,0,1,0,0,1,0,2
LOC_Os10g36960,0,0,0,0,1,0,0,0
LOC_Os10g37230,0,0,0,0,1,0,0,0
LOC_Os10g37290,0,0,0,0,0,1,0,0
LOC_Os10g37340,0,0,0,0,8,0,4,0
LOC_Os10g37630,5,0,0,0,0,0,0,0
LOC_Os10g37640,20,0,0,0,0,0,0,0
LOC_Os10g37660,0,0,0,0,7,0,1,0
LOC_Os10g37670,0,0,0,0,1,0,0,0
LOC_Os10g37760,0,0,0,0,2,0,0,0
LOC_Os10g37850,2,0,0,0,0,0,0,0
LOC_Os10g38040,0,0,0,0,13,0,3,0
LOC_Os10g38080,0,0,0,0,0,0,1,0
LOC_Os10g38710,0,0,0,0,0,1,0,0
LOC_Os10g38740,0,1,0,0,0,0,0,0
LOC_Os10g38940,0,0,0,0,0,0,0,1
LOC_Os10g39220,13,0,0,0,0,0,0,0
LOC_Os10g39500,15,0,2,0,0,0,0,0
LOC_Os10g39640,0,0,0,0,3,0,0,0
LOC_Os10g39660,0,0,0,0,3,0,0,0
LOC_Os10g39780,0,0,0,0,1,0,0,0
LOC_Os10g39870,1,0,0,0,0,0,0,0
LOC_Os10g39920,0,0,0,0,7,0,0,0
LOC_Os10g40040,0,0,0,0,0,0,1,0
LOC_Os10g40480,0,0,0,0,2,0,0,0
LOC_Os10g40614,0,0,0,0,3,0,2,0
LOC_Os10g40640,0,0,0,0,2,0,0,0
LOC_Os10g40700,0,0,0,0,0,0,0,1
LOC_Os10g40710,0,5,0,0,0,0,0,0
LOC_Os10g40720,0,0,0,0,0,1,0,1
LOC_Os10g41550,0,0,0,0,3,0,0,0
LOC_Os10g42150,1,0,0,0,0,0,0,0
LOC_Os10g42190,8,0,0,0,0,0,0,0
LOC_Os10g42610,0,2,0,0,0,0,0,0
LOC_Os10g42780,0,23,0,3,0,0,0,0
LOC_Os10g42880,0,0,0,0,1,0,0,0
LOC_Os10g42960,0,0,0,0,5,0,3,0
LOC_Os10g43060,0,0,0,0,2,0,0,0
LOC_Os11g01550,0,0,0,0,2,0,0,0
LOC_Os11g01875,6,0,0,0,0,0,0,0
LOC_Os11g02090,4,0,0,0,0,0,0,0
LOC_Os11g02130,0,0,0,0,2,0,0,0
LOC_Os11g02520,0,1,0,0,0,0,0,0
LOC_Os11g02820,2,0,0,0,0,0,0,0
LOC_Os11g03300,0,0,0,0,12,0,10,0
LOC_Os11g03780,0,0,0,0,1,0,2,0
LOC_Os11g03900,0,0,0,0,1,0,0,0
LOC_Os11g04104,0,0,0,0,6,0,1,0
LOC_Os11g04520,1,0,0,0,0,0,0,0
LOC_Os11g04720,0,0,0,0,0,7,0,5
LOC_Os11g04860,0,0,0,0,0,4,0,1
LOC_Os11g04954,9,0,0,0,0,0,0,0
LOC_Os11g05050,0,0,0,0,0,1,0,0
LOC_Os11g05170,36,0,2,0,0,0,0,0
LOC_Os11g05380,0,0,0,0,3,0,2,0
LOC_Os11g05410,0,0,0,0,5,0,0,0
LOC_Os11g05470,0,0,0,1,0,0,0,0
LOC_Os11g05550,0,0,0,0,0,2,0,0
LOC_Os11g05650,1,0,0,0,0,0,0,0
LOC_Os11g06130,0,0,0,0,4,0,0,0
LOC_Os11g06150,0,0,0,0,1,0,0,0
LOC_Os11g06770,0,0,0,0,6,0,0,0
LOC_Os11g06780,0,0,0,0,1,0,0,0
LOC_Os11g07225,0,0,0,0,1,0,0,0
LOC_Os11g07440,1,0,0,0,0,0,0,0
LOC_Os11g07600,0,0,0,0,3,0,1,0
LOC_Os11g07911,0,0,0,0,8,0,1,0
LOC_Os11g08370,0,0,0,0,1,0,0,0
LOC_Os11g09020,1,0,0,0,0,0,0,0
LOC_Os11g09160,12,0,0,0,0,0,0,0
LOC_Os11g09280,2,0,0,0,0,0,0,0
LOC_Os11g10770,0,0,0,0,1,0,0,0
LOC_Os11g11020,5,0,0,0,0,0,0,0
LOC_Os11g13670,0,0,0,0,3,0,0,0
LOC_Os11g13750,0,6,0,0,0,0,0,0
LOC_Os11g13980,33,0,9,0,0,0,0,0
LOC_Os11g16310,0,0,0,0,0,4,0,1
LOC_Os11g16550,0,0,0,0,0,2,0,0
LOC_Os11g18730,0,1,0,0,0,0,0,0
LOC_Os11g18830,8,0,0,0,0,0,0,0
LOC_Os11g19864,2,0,0,0,0,0,0,0
LOC_Os11g24070,0,0,0,0,1,0,6,0
LOC_Os11g24570,0,0,0,0,0,1,0,0
LOC_Os11g25780,0,0,0,0,4,0,0,0
LOC_Os11g26390,1,0,0,0,0,0,0,0
LOC_Os11g26570,1,0,0,0,5,0,1,0
LOC_Os11g26750,1,0,0,0,0,0,0,0
LOC_Os11g26760,0,0,0,0,8,0,1,0
LOC_Os11g26780,0,0,0,0,8,0,2,0
LOC_Os11g26790,1,0,0,0,4,0,1,0
LOC_Os11g26920,0,0,0,0,0,1,0,0
LOC_Os11g29290,0,0,0,0,2,0,0,0
LOC_Os11g29370,0,0,0,1,0,0,0,0
LOC_Os11g29720,0,0,0,0,0,1,0,0
LOC_Os11g29870,0,0,0,0,2,0,0,0
LOC_Os11g30500,0,0,0,0,13,0,1,0
LOC_Os11g30760,0,0,0,0,10,0,1,0
LOC_Os11g31060,13,0,0,0,0,0,0,0
LOC_Os11g31740,3,0,0,0,0,0,0,0
LOC_Os11g31950,0,0,0,0,1,0,0,0
LOC_Os11g32880,0,0,1,0,0,0,0,0
LOC_Os11g32890,16,0,0,0,0,0,0,0
LOC_Os11g33050,1,0,0,0,1,0,0,0
LOC_Os11g34110,0,0,0,0,0,1,0,0
LOC_Os11g34460,0,0,1,0,0,0,0,0
LOC_Os11g34690,4,0,0,0,0,0,0,0
LOC_Os11g34700,1,0,0,0,0,0,0,0
LOC_Os11g35490,0,0,0,0,1,0,0,0
LOC_Os11g36120,0,0,0,0,1,0,0,0
LOC_Os11g37080,0,0,1,0,0,0,0,0
LOC_Os11g37230,3,0,0,0,0,0,0,0
LOC_Os11g37700,0,1,0,0,0,0,0,0
LOC_Os11g38190,1,0,0,0,0,0,0,0
LOC_Os11g38250,3,0,0,0,0,0,0,0
LOC_Os11g38650,1,0,0,0,0,0,0,0
LOC_Os11g40810,0,0,0,0,2,0,0,0
LOC_Os11g40840,0,0,0,0,1,0,0,0
LOC_Os11g41150,1,0,0,0,0,0,0,0
LOC_Os11g41210,0,0,0,0,1,0,0,0
LOC_Os11g41600,0,0,0,0,11,0,8,0
LOC_Os11g42790,0,0,0,0,3,0,0,0
LOC_Os11g43510,1,0,0,0,0,0,0,0
LOC_Os11g44800,7,0,0,0,1,0,0,0
LOC_Os11g45740,0,0,0,0,3,0,1,0
LOC_Os11g45990,0,1,0,0,0,0,0,0
LOC_Os11g46000,0,2,0,3,0,0,0,0
LOC_Os11g47460,0,0,0,0,0,2,0,0
LOC_Os11g47500,1,0,0,0,0,0,0,0
LOC_Os11g47600,1,0,0,0,0,0,0,0
LOC_Os11g47840,0,0,0,0,1,0,0,0
LOC_Os11g47980,2,0,0,0,0,0,0,0
LOC_Os12g01930,4,0,0,0,0,0,0,0
LOC_Os12g02050,4,0,0,0,0,0,0,0
LOC_Os12g02080,0,0,0,0,1,0,0,0
LOC_Os12g02420,0,0,0,0,2,0,0,0
LOC_Os12g02800,2,0,0,0,1,0,1,0
LOC_Os12g02910,5,0,0,0,0,0,0,0
LOC_Os12g03040,0,0,0,0,14,0,12,0
LOC_Os12g03720,0,0,0,0,1,0,0,0
LOC_Os12g03899,0,0,0,0,1,0,0,0
LOC_Os12g04010,0,0,0,0,0,1,0,0
LOC_Os12g04500,0,0,0,0,0,8,0,6
LOC_Os12g05210,0,0,0,0,14,0,11,0
LOC_Os12g05260,0,0,0,0,6,0,6,0
LOC_Os12g05330,0,0,0,0,9,0,2,0
LOC_Os12g05440,0,0,0,0,1,0,0,0
LOC_Os12g05550,0,0,0,0,0,1,0,0
LOC_Os12g05690,0,0,0,0,4,0,0,0
LOC_Os12g06230,0,0,0,0,1,0,0,0
LOC_Os12g06550,2,0,0,0,0,0,0,0
LOC_Os12g06870,3,0,0,0,0,0,0,0
LOC_Os12g07030,0,0,0,0,10,0,3,0
LOC_Os12g07210,0,0,0,0,0,1,0,0
LOC_Os12g07290,4,0,0,0,0,0,0,0
LOC_Os12g08700,0,0,0,0,5,0,0,0
LOC_Os12g08725,0,0,0,0,1,0,0,0
LOC_Os12g08790,0,0,0,0,0,1,0,0
LOC_Os12g08850,0,0,0,0,3,0,0,0
LOC_Os12g09300,0,0,0,0,0,1,0,0
LOC_Os12g09770,0,1,0,0,0,0,0,0
LOC_Os12g10630,0,0,0,0,0,2,0,0
LOC_Os12g12080,1,0,0,0,0,0,0,0
LOC_Os12g12880,5,0,0,0,8,0,0,0
LOC_Os12g12934,0,0,0,0,0,1,0,1
LOC_Os12g13120,0,0,0,0,0,2,0,0
LOC_Os12g13570,0,0,0,0,1,0,0,0
LOC_Os12g13910,2,0,0,0,16,0,3,0
LOC_Os12g14220,0,0,0,0,1,0,0,0
LOC_Os12g17160,5,0,0,0,0,0,0,0
LOC_Os12g22260,0,0,0,0,1,0,0,0
LOC_Os12g24020,0,0,0,0,2,0,2,0
LOC_Os12g25090,1,0,0,0,0,0,0,0
LOC_Os12g25490,0,1,0,0,0,0,0,0
LOC_Os12g25630,0,0,0,0,1,0,0,0
LOC_Os12g28710,0,0,0,0,1,0,0,0
LOC_Os12g29400,1,0,0,0,11,0,3,0
LOC_Os12g29950,0,0,0,0,0,1,0,0
LOC_Os12g32360,0,0,0,0,0,0,1,0
LOC_Os12g32986,9,0,0,0,0,0,0,0
LOC_Os12g34390,1,0,0,0,0,0,0,0
LOC_Os12g34500,0,0,0,0,0,0,0,1
LOC_Os12g36110,0,0,0,0,1,0,0,0
LOC_Os12g36210,0,0,1,0,0,0,0,0
LOC_Os12g36220,0,0,1,0,0,0,0,0
LOC_Os12g36430,0,0,0,0,2,0,0,0
LOC_Os12g36580,2,0,0,0,0,0,0,0
LOC_Os12g36630,0,0,0,0,1,0,0,0
LOC_Os12g36640,0,0,0,0,0,0,1,0
LOC_Os12g36850,0,1,0,1,0,0,0,0
LOC_Os12g36880,0,4,0,2,0,0,0,0
LOC_Os12g37320,0,2,0,0,0,0,0,0
LOC_Os12g37939,2,0,0,0,0,0,0,0
LOC_Os12g38370,0,1,0,0,0,0,0,0
LOC_Os12g38730,0,0,0,0,0,2,0,0
LOC_Os12g39310,0,0,0,0,5,0,4,0
LOC_Os12g39320,6,0,0,0,3,0,1,0
LOC_Os12g39400,1,0,0,0,0,0,0,0
LOC_Os12g40260,0,0,0,0,4,0,0,0
LOC_Os12g40330,4,0,0,0,0,0,0,0
LOC_Os12g40780,7,0,0,0,0,0,0,0
LOC_Os12g40900,0,1,0,0,0,0,0,0
LOC_Os12g40920,0,6,0,0,0,0,0,0
LOC_Os12g41060,0,0,0,0,0,1,0,0
LOC_Os12g41090,0,0,0,0,0,2,0,2
LOC_Os12g41660,0,0,0,0,1,0,0,0
LOC_Os12g41930,11,0,0,0,0,0,0,0
LOC_Os12g42280,1,0,0,0,1,0,0,0
LOC_Os12g42910,0,0,0,0,6,0,1,0
LOC_Os12g43000,0,0,0,0,1,0,0,0
LOC_Os12g43340,0,0,0,0,0,0,0,1
LOC_Os12g43720,0,0,0,0,6,0,1,0